Date,Time,Transaction Details,Transaction ID,UTR,Transaction Type,Credit/debit instrument,Amount,Flow,Category,Month,Month Name,Day of Week,Day Type,Time Period
2026-10-05,17:37:00,Paid to Kanak traders ,T2610051737506013511067,242000000000.0,DEBIT,Paid by XXXXXX1792,30.0,Expense,Food & Dining,2026-10,October,Monday,Weekday,Evening
2026-10-05,13:21:00,Paid to Puneet Jr,T2610051321220264695066,19686105638.0,DEBIT,Paid by XXXXXX1792,400.0,Expense,Shopping & Personal,2026-10,October,Monday,Weekday,Morning/Afternoon
2026-10-04,23:51:00,Paid to Indian Institute of Technology,T2610042351360736145687,96640176312.0,DEBIT,Paid by XXXXXX1792,1000.0,Expense,Transfers & Other,2026-10,October,Sunday,Weekend,Night
2026-10-04,23:50:00,Paid to YUVRAJ VERMA,T2610042350128822539605,188000000000.0,DEBIT,Paid by XXXXXX1792,25.0,Expense,Shopping & Personal,2026-10,October,Sunday,Weekend,Night
2026-10-04,23:49:00,Paid to YUVRAJ VERMA,T2610042349104639664149,311000000000.0,DEBIT,Paid by XXXXXX1792,75.0,Expense,Food & Dining,2026-10,October,Sunday,Weekend,Night
2026-10-04,23:47:00,Received from LAXMAN SINGH GAUTAM S O PATI RAM GA,T2610042347014227596834,160000000000.0,CREDIT,Credited to XXXXXX1792,1500.0,Income,Income,2026-10,October,Sunday,Weekend,Night
2026-10-04,20:02:00,Paid to COFFCO COFFEE FOOD COMPANY,T2610042002007207685626,880000000000.0,DEBIT,Paid by XXXXXX1792,323.0,Expense,Shopping & Personal,2026-10,October,Sunday,Weekend,Evening
2026-10-04,17:15:00,Paid to Raman pan bhandar ,T2610041715062101241715,316000000000.0,DEBIT,Paid by XXXXXX1792,25.0,Expense,Shopping & Personal,2026-10,October,Sunday,Weekend,Evening
2026-10-04,17:04:00,Paid to MAHAVEER PRASAD SHARMA,T2610041704290734022479,295000000000.0,DEBIT,Paid by XXXXXX1792,80.0,Expense,Food & Dining,2026-10,October,Sunday,Weekend,Evening
2026-10-04,15:16:00,Paid to Rakesh Gurjar,T2610041516252150233904,710000000000.0,DEBIT,Paid by XXXXXX1792,20.0,Expense,Food & Dining,2026-10,October,Sunday,Weekend,Afternoon
2026-10-04,13:12:00,Paid to Kanak traders ,T2610041312059926886093,597000000000.0,DEBIT,Paid by XXXXXX1792,45.0,Expense,Food & Dining,2026-10,October,Sunday,Weekend,Morning/Afternoon
2026-10-04,09:53:00,Paid to MAHAVEER PRASAD SHARMA,T2610040953545709397801,396000000000.0,DEBIT,Paid by XXXXXX1792,25.0,Expense,Transport & Travel,2026-10,October,Sunday,Weekend,Morning/Afternoon
2026-10-03,22:34:00,Received from PAPA,T2610032234268558831104,837000000000.0,CREDIT,Credited to XXXXXX1792,1000.0,Income,Income,2026-10,October,Saturday,Weekend,Night
2026-10-02,12:28:00,Paid to Jaggu,T2610021228025434703293,124000000000.0,DEBIT,Paid by XXXXXX1792,1000.0,Expense,Groceries & Essentials,2026-10,October,Friday,Weekday,Morning/Afternoon
2026-10-02,12:27:00,Received from Jaggu,T2610021227045295318241,323000000000.0,CREDIT,Credited to XXXXXX1792,1000.0,Income,Income,2026-10,October,Friday,Weekday,Morning/Afternoon
2026-09-30,22:34:00,Paid to MAHAVEER PRASAD SHARMA,T2609302234571149445566,689000000000.0,DEBIT,Paid by XXXXXX1792,28.0,Expense,Transport & Travel,2026-09,September,Wednesday,Weekday,Night
2026-09-30,22:23:00,Paid to Vashudev Pan,T2609302223546619241709,719000000000.0,DEBIT,Paid by XXXXXX1792,15.0,Expense,Food & Dining,2026-09,September,Wednesday,Weekday,Night
2026-09-30,22:22:00,Paid to BABON KONAI,T2609302222298938061097,115000000000.0,DEBIT,Paid by XXXXXX1792,60.0,Expense,Food & Dining,2026-09,September,Wednesday,Weekday,Night
2026-09-30,11:08:00,Paid to MAHAVEER PRASAD SHARMA,T2609301108165465998479,78960583082.0,DEBIT,Paid by XXXXXX1792,54.0,Expense,Food & Dining,2026-09,September,Wednesday,Weekday,Morning/Afternoon
2026-09-29,22:26:00,Paid to MAHAVEER PRASAD SHARMA,T2609292225591959926581,866000000000.0,DEBIT,Paid by XXXXXX1792,192.0,Expense,Food & Dining,2026-09,September,Tuesday,Weekday,Night
2026-09-29,10:24:00,Paid to Kanak traders ,T2609291024362292277439,927000000000.0,DEBIT,Paid by XXXXXX1792,15.0,Expense,Food & Dining,2026-09,September,Tuesday,Weekday,Morning/Afternoon
2026-09-29,08:51:00,Paid to Rattiram,T2609290851362914762055,229000000000.0,DEBIT,Paid by XXXXXX1792,50.0,Expense,Food & Dining,2026-09,September,Tuesday,Weekday,Night
2026-09-28,20:49:00,Paid to P A R K HOSPITALITY  VENTURES,T2609282049496762884462,253000000000.0,DEBIT,Paid by XXXXXX1792,698.0,Expense,Shopping & Personal,2026-09,September,Monday,Weekday,Evening
2026-09-28,18:38:00,Paid to GARV JAIN,T2609281838145991522152,349000000000.0,DEBIT,Paid by XXXXXX1792,500.0,Expense,Food & Dining,2026-09,September,Monday,Weekday,Evening
2026-09-28,10:32:00,Paid to Jaggu,T2609281032271946214118,725000000000.0,DEBIT,Paid by XXXXXX1792,60.0,Expense,Food & Dining,2026-09,September,Monday,Weekday,Morning/Afternoon
2026-09-28,10:13:00,Paid to Vashudev Pan,T2609281013551039693068,792000000000.0,DEBIT,Paid by XXXXXX1792,30.0,Expense,Food & Dining,2026-09,September,Monday,Weekday,Morning/Afternoon
2026-09-28,09:59:00,Paid to DEEPANSHU RAMANI,T2609280959123169768970,910000000000.0,DEBIT,Paid by XXXXXX1792,12.0,Expense,Food & Dining,2026-09,September,Monday,Weekday,Morning/Afternoon
2026-09-28,07:20:00,Paid to OM PRAKASH,T2609280720566995323142,48616693903.0,DEBIT,Paid by XXXXXX1792,80.0,Expense,Food & Dining,2026-09,September,Monday,Weekday,Night
2026-09-28,07:14:00,Paid to Shyoji Puri,T2609280714534247862660,708000000000.0,DEBIT,Paid by XXXXXX1792,40.0,Expense,Food & Dining,2026-09,September,Monday,Weekday,Night
2026-09-27,20:18:00,Paid to Raman pan bhandar ,T2609272018207491881643,505000000000.0,DEBIT,Paid by XXXXXX1792,45.0,Expense,Food & Dining,2026-09,September,Sunday,Weekend,Evening
2026-09-27,13:17:00,Paid to ABHAY SHARMA ,T2609271317114785756174,416000000000.0,DEBIT,Paid by XXXXXX1792,42.0,Expense,Food & Dining,2026-09,September,Sunday,Weekend,Morning/Afternoon
2026-09-27,01:15:00,Received from PAPA,T2609270115373864014582,843000000000.0,CREDIT,Credited to XXXXXX1792,1000.0,Income,Income,2026-09,September,Sunday,Weekend,Night
2026-09-27,01:00:00,Paid to Roop Sagar Foodworks and Technologies LLP Udaipur,T2609270100446961416618,954000000000.0,DEBIT,Paid by XXXXXX1792,79.42,Expense,Food & Dining,2026-09,September,Sunday,Weekend,Night
2026-09-27,01:00:00,Received from PAPA,T2609270059598339460539,812000000000.0,CREDIT,Credited to XXXXXX1792,1000.0,Income,Income,2026-09,September,Sunday,Weekend,Night
2026-09-26,17:10:00,Paid to Jaggu,T2609261710337794193178,928000000000.0,DEBIT,Paid by XXXXXX1792,17.0,Expense,Groceries & Essentials,2026-09,September,Saturday,Weekend,Evening
2026-09-26,00:21:00,Paid to Ashram chay,T2609260021362173833712,689000000000.0,DEBIT,Paid by XXXXXX1792,50.0,Expense,Food & Dining,2026-09,September,Saturday,Weekend,Night
2026-09-26,00:14:00,Paid to VIKAS BAIRWA,T2609260014257144240806,987000000000.0,DEBIT,Paid by XXXXXX1792,15.0,Expense,Food & Dining,2026-09,September,Saturday,Weekend,Night
2026-09-26,00:14:00,Received from Shubham Mahawar,T2609260014135625332357,664000000000.0,CREDIT,Credited to XXXXXX1792,80.0,Income,Income,2026-09,September,Saturday,Weekend,Night
2026-09-22,10:01:00,Paid to Panditji Tea Stall,T2609221001391111082940,699000000000.0,DEBIT,Paid by XXXXXX1792,8.0,Expense,Food & Dining,2026-09,September,Tuesday,Weekday,Morning/Afternoon
2026-09-22,09:57:00,Paid to Panditji Tea Stall,T2609220957113264096066,338000000000.0,DEBIT,Paid by XXXXXX1792,42.0,Expense,Food & Dining,2026-09,September,Tuesday,Weekday,Morning/Afternoon
2026-09-22,09:52:00,Received from RONAK  MATANI,T2609220952155106833731,627000000000.0,CREDIT,Credited to XXXXXX1792,50.0,Income,Income,2026-09,September,Tuesday,Weekday,Morning/Afternoon
2026-09-21,10:04:00,Paid to Vashudev Pan,T2609211004155728568058,446000000000.0,DEBIT,Paid by XXXXXX1792,60.0,Expense,Food & Dining,2026-09,September,Monday,Weekday,Morning/Afternoon
2026-09-21,09:47:00,Received from Chirag  Dixit,T2609210947344366900900,626000000000.0,CREDIT,Credited to XXXXXX1792,60.0,Income,Income,2026-09,September,Monday,Weekday,Morning/Afternoon
2026-09-19,08:53:00,Paid to Jaggu,T2609190853404688341903,429000000000.0,DEBIT,Paid by XXXXXX1792,9.0,Expense,Food & Dining,2026-09,September,Saturday,Weekend,Night
2026-09-17,20:31:00,Paid to KRISHNA MEALS,T2609172031554255447354,899000000000.0,DEBIT,Paid by XXXXXX1792,5.0,Expense,Shopping & Personal,2026-09,September,Thursday,Weekday,Evening
2026-09-17,19:59:00,Paid to PAAN SHOP ,T2609171959407357263132,147000000000.0,DEBIT,Paid by XXXXXX1792,15.0,Expense,Food & Dining,2026-09,September,Thursday,Weekday,Evening
2026-09-17,19:54:00,Paid to Jaggu,T2609171954269390431366,162000000000.0,DEBIT,Paid by XXXXXX1792,500.0,Expense,Groceries & Essentials,2026-09,September,Thursday,Weekday,Evening
2026-09-17,19:06:00,Paid to Suresh Mehara,T2609171906119741636382,779000000000.0,DEBIT,Paid by XXXXXX1792,123.0,Expense,Food & Dining,2026-09,September,Thursday,Weekday,Evening
2026-09-17,18:29:00,Paid to Raman pan bhandar ,T2609171829287257136200,555000000000.0,DEBIT,Paid by XXXXXX1792,115.0,Expense,Shopping & Personal,2026-09,September,Thursday,Weekday,Evening
2026-09-17,18:26:00,Paid to JATIN DHANJANI,T2609171826007055738188,6468642701.0,DEBIT,Paid by XXXXXX1792,40.0,Expense,Food & Dining,2026-09,September,Thursday,Weekday,Evening
2026-09-16,19:32:00,Paid to Kriyansh ice cream parlor,T2609161931580643429732,148000000000.0,DEBIT,Paid by XXXXXX1792,29.0,Expense,Shopping & Personal,2026-09,September,Wednesday,Weekday,Evening
2026-09-16,19:30:00,Paid to SHARDA INFRASTRUCTURE DEVELOPERS,T2609161930001050568998,321000000000.0,DEBIT,Paid by XXXXXX1792,20.0,Expense,Food & Dining,2026-09,September,Wednesday,Weekday,Evening
2026-09-16,14:14:00,Paid to Roop Sagar Foodworks and Technologies LLP Udaipur,T2609161414190981722910,796000000000.0,DEBIT,Paid by XXXXXX1792,49.42,Expense,Food & Dining,2026-09,September,Wednesday,Weekday,Morning/Afternoon
2026-09-16,11:47:00,Paid to RAHUL SINGH CHAUHAN,T2609161147008350051329,289000000000.0,DEBIT,Paid by XXXXXX1792,45.0,Expense,Food & Dining,2026-09,September,Wednesday,Weekday,Morning/Afternoon
2026-09-16,03:57:00,Paid to Roop Sagar Foodworks and Technologies LLP Udaipur,T2609160357402042707325,556000000000.0,DEBIT,Paid by XXXXXX1792,49.77,Expense,Food & Dining,2026-09,September,Wednesday,Weekday,Night
2026-09-15,21:28:00,Received from PAPA,T2609152128417613213756,104000000000.0,CREDIT,Credited to XXXXXX1792,1000.0,Income,Income,2026-09,September,Tuesday,Weekday,Evening
2026-09-15,17:16:00,Paid to Jaggu,T2609151716497271116798,469000000000.0,DEBIT,Paid by XXXXXX1792,10.0,Expense,Food & Dining,2026-09,September,Tuesday,Weekday,Evening
2026-09-14,18:18:00,Paid to Pramod Pani patasi,T2609141818351897866035,207000000000.0,DEBIT,Paid by XXXXXX1792,20.0,Expense,Food & Dining,2026-09,September,Monday,Weekday,Evening
2026-09-14,17:03:00,Received from Shubham Mahawar,T2609141703093687513653,662000000000.0,CREDIT,Credited to XXXXXX1792,30.0,Income,Income,2026-09,September,Monday,Weekday,Evening
2026-09-13,01:41:00,Paid to Roop Sagar Foodworks and Technologies LLP Udaipur,T2609130141523472188525,420000000000.0,DEBIT,Paid by XXXXXX1792,49.42,Expense,Food & Dining,2026-09,September,Sunday,Weekend,Night
2026-09-12,22:55:00,Paid to Ishaan,T2609122255386833522549,65556658085.0,DEBIT,Paid by XXXXXX1792,20.0,Expense,Food & Dining,2026-09,September,Saturday,Weekend,Night
2026-09-12,22:55:00,Paid to Prashant,T2609122255279587574667,86577881648.0,DEBIT,Paid by XXXXXX1792,120.0,Expense,Food & Dining,2026-09,September,Saturday,Weekend,Night
2026-09-12,19:58:00,Paid to JATIN DHANJANI,T2609121958185509716534,797000000000.0,DEBIT,Paid by XXXXXX1792,160.0,Expense,Food & Dining,2026-09,September,Saturday,Weekend,Evening
2026-09-11,23:13:00,Paid to Prince  Navariya,T2609112313190501143580,592000000000.0,DEBIT,Paid by XXXXXX1792,150.0,Expense,Food & Dining,2026-09,September,Friday,Weekday,Night
2026-09-11,23:12:00,Received from UTKARSH JAIN,T2609112312314916612043,129000000000.0,CREDIT,Credited to XXXXXX1792,500.0,Income,Income,2026-09,September,Friday,Weekday,Night
2026-09-11,01:28:00,Paid to PRADEEP DAN,T2609110128354808592418,705000000000.0,DEBIT,Paid by XXXXXX1792,120.0,Expense,Food & Dining,2026-09,September,Friday,Weekday,Night
2026-09-11,01:27:00,Received from Prashant,T2609110127254279313478,811000000000.0,CREDIT,Credited to XXXXXX1792,120.0,Income,Income,2026-09,September,Friday,Weekday,Night
2026-09-10,22:51:00,Paid to Roop Sagar Foodworks and Technologies LLP Palakkad,T2609102251417176518140,744000000000.0,DEBIT,Paid by XXXXXX1792,20.0,Expense,Food & Dining,2026-09,September,Thursday,Weekday,Night
2026-09-10,19:49:00,Paid to JATIN DHANJANI,T2609101949054581006724,119000000000.0,DEBIT,Paid by XXXXXX1792,160.0,Expense,Food & Dining,2026-09,September,Thursday,Weekday,Evening
2026-09-10,19:48:00,Received from Kichichu Pichichu 🐣,T2609101948355298064837,33480872206.0,CREDIT,Credited to XXXXXX1792,50.0,Income,Income,2026-09,September,Thursday,Weekday,Evening
2026-09-09,23:26:00,Paid to Roop Sagar Foodworks and Technologies LLP Palakkad,T2609092326340917869260,498000000000.0,DEBIT,Paid by XXXXXX1792,55.0,Expense,Food & Dining,2026-09,September,Wednesday,Weekday,Night
2026-09-09,22:40:00,Paid to Jaggu,T2609092240330999441404,28194262565.0,DEBIT,Paid by XXXXXX1792,54.0,Expense,Food & Dining,2026-09,September,Wednesday,Weekday,Night
2026-09-09,18:25:00,Paid to JITENDRA KUMAR,T2609091825132401034331,759000000000.0,DEBIT,Paid by XXXXXX1792,200.0,Expense,Food & Dining,2026-09,September,Wednesday,Weekday,Evening
2026-09-09,18:11:00,Paid to SHARDA INFRASTRUCTURE DEVELOPERS,T2609091811169684789175,446000000000.0,DEBIT,Paid by XXXXXX1792,50.0,Expense,Food & Dining,2026-09,September,Wednesday,Weekday,Evening
2026-09-09,17:51:00,Paid to SHARDA INFRASTRUCTURE DEVELOPERS,T2609091751279020966267,194000000000.0,DEBIT,Paid by XXXXXX1792,70.0,Expense,Food & Dining,2026-09,September,Wednesday,Weekday,Evening
2026-09-09,12:33:00,Paid to Varun,T2609091233153676327396,807000000000.0,DEBIT,Paid by XXXXXX1792,100.0,Expense,Food & Dining,2026-09,September,Wednesday,Weekday,Morning/Afternoon
2026-09-08,23:23:00,Paid to CHANCHAL,T2609082323406884195421,765000000000.0,DEBIT,Paid by XXXXXX1792,20.0,Expense,Food & Dining,2026-09,September,Tuesday,Weekday,Night
2026-09-08,22:45:00,Paid to NARESH SINGH PANWAR,T2609082245135412596238,161000000000.0,DEBIT,Paid by XXXXXX1792,30.0,Expense,Food & Dining,2026-09,September,Tuesday,Weekday,Night
2026-09-08,22:32:00,Paid to Dawat A Zaiqua,T2609082232290971073200,552000000000.0,DEBIT,Paid by XXXXXX1792,540.0,Expense,Transfers & Other,2026-09,September,Tuesday,Weekday,Night
2026-09-08,22:01:00,Paid to DHARMENDRA SINGH,T2609082201313113724514,238000000000.0,DEBIT,Paid by XXXXXX1792,56.0,Expense,Shopping & Personal,2026-09,September,Tuesday,Weekday,Night
2026-09-08,18:20:00,Paid to SAMPAT,T2609081820538181497148,16836526816.0,DEBIT,Paid by XXXXXX1792,20.0,Expense,Food & Dining,2026-09,September,Tuesday,Weekday,Evening
2026-09-08,18:19:00,Paid to RAJWATI DEVI,T2609081819331451253768,372000000000.0,DEBIT,Paid by XXXXXX1792,35.0,Expense,Food & Dining,2026-09,September,Tuesday,Weekday,Evening
2026-09-08,18:19:00,Paid to SAMPAT,T2609081819237088537409,123000000000.0,DEBIT,Paid by XXXXXX1792,60.0,Expense,Food & Dining,2026-09,September,Tuesday,Weekday,Evening
2026-09-08,15:18:00,Paid to Jaggu,T2609081518286031210327,700000000000.0,DEBIT,Paid by XXXXXX1792,30.0,Expense,Food & Dining,2026-09,September,Tuesday,Weekday,Afternoon
2026-09-08,11:45:00,Received from PAPA,T2609081145202211076914,798000000000.0,CREDIT,Credited to XXXXXX1792,1500.0,Income,Income,2026-09,September,Tuesday,Weekday,Morning/Afternoon
2026-09-05,23:20:00,Paid to RAJWATI DEVI,T2609052320138198253809,599000000000.0,DEBIT,Paid by XXXXXX1792,45.0,Expense,Food & Dining,2026-09,September,Saturday,Weekend,Night
2026-09-05,23:19:00,Paid to Bhanwar Singh rothore,T2609052319066681561401,58509675823.0,DEBIT,Paid by XXXXXX1792,5.0,Expense,Groceries & Essentials,2026-09,September,Saturday,Weekend,Night
2026-09-05,23:18:00,Paid to SAMPAT,T2609052318322026591565,437000000000.0,DEBIT,Paid by XXXXXX1792,30.0,Expense,Food & Dining,2026-09,September,Saturday,Weekend,Night
2026-09-05,23:04:00,Received from Jaggu,T2609052304081803785738,236000000000.0,CREDIT,Credited to XXXXXX1792,80.0,Income,Income,2026-09,September,Saturday,Weekend,Night
2026-09-04,16:31:00,Paid to Jaggu,T2609041631352272866557,330000000000.0,DEBIT,Paid by XXXXXX1792,14.0,Expense,Groceries & Essentials,2026-09,September,Friday,Weekday,Afternoon
2026-09-04,16:29:00,Paid to SAMPAT,T2609041629394166640898,218000000000.0,DEBIT,Paid by XXXXXX1792,60.0,Expense,Food & Dining,2026-09,September,Friday,Weekday,Afternoon
2026-09-04,15:31:00,Paid to RAJWATI DEVI,T2609041531009307850602,307000000000.0,DEBIT,Paid by XXXXXX1792,40.0,Expense,Food & Dining,2026-09,September,Friday,Weekday,Afternoon
2026-09-03,19:42:00,Paid to SHARDA INFRASTRUCTURE DEVELOPERS,T2609031942328587920522,76418181625.0,DEBIT,Paid by XXXXXX1792,90.0,Expense,Food & Dining,2026-09,September,Thursday,Weekday,Evening
2026-09-03,19:41:00,Received from JITENDRA KUMAR,T2609031941436133995448,661000000000.0,CREDIT,Credited to XXXXXX1792,200.0,Income,Income,2026-09,September,Thursday,Weekday,Evening
2026-09-03,14:27:00,Paid to RAJWATI DEVI,T2609031427366099715731,907000000000.0,DEBIT,Paid by XXXXXX1792,16.0,Expense,Food & Dining,2026-09,September,Thursday,Weekday,Morning/Afternoon
2026-09-03,01:41:00,Paid to SAMPAT,T2609030141081102246968,285000000000.0,DEBIT,Paid by XXXXXX1792,40.0,Expense,Food & Dining,2026-09,September,Thursday,Weekday,Night
2026-09-02,23:07:00,Paid to Nishant Jr,T2609022307237537064832,379000000000.0,DEBIT,Paid by XXXXXX1792,120.0,Expense,Food & Dining,2026-09,September,Wednesday,Weekday,Night
2026-09-02,22:10:00,Paid to Adi Jr,T2609022210062163543173,362000000000.0,DEBIT,Paid by XXXXXX1792,60.0,Expense,Food & Dining,2026-09,September,Wednesday,Weekday,Night
2026-09-02,19:39:00,Paid to SHARDA INFRASTRUCTURE DEVELOPERS,T2609021939030351607188,260000000000.0,DEBIT,Paid by XXXXXX1792,100.0,Expense,Food & Dining,2026-09,September,Wednesday,Weekday,Evening
2026-09-02,15:29:00,Paid to Roop Sagar Foodworks and Technologies LLP Palakkad,T2609021529332672309409,404000000000.0,DEBIT,Paid by XXXXXX1792,20.0,Expense,Food & Dining,2026-09,September,Wednesday,Weekday,Afternoon
2026-09-02,15:13:00,Paid to RAJWATI DEVI,T2609021512262065741872,342000000000.0,DEBIT,Paid by XXXXXX1792,30.0,Expense,Food & Dining,2026-09,September,Wednesday,Weekday,Afternoon
2026-09-01,23:07:00,Paid to SUMIT KUMAR BAIRWA,T2609012307112089705508,563000000000.0,DEBIT,Paid by XXXXXX1792,275.0,Expense,Transfers & Other,2026-09,September,Tuesday,Weekday,Night
2026-09-01,22:08:00,Received from Jaggu,T2609012208059662605531,697000000000.0,CREDIT,Credited to XXXXXX1792,30.0,Income,Income,2026-09,September,Tuesday,Weekday,Night
2026-09-01,17:49:00,Paid to Panditji Tea Stall,T2609011749574245253068,155000000000.0,DEBIT,Paid by XXXXXX1792,51.0,Expense,Food & Dining,2026-09,September,Tuesday,Weekday,Evening
2026-09-01,00:58:00,Paid to Jaggu,T2609010058387694902666,856000000000.0,DEBIT,Paid by XXXXXX1792,50.0,Expense,Food & Dining,2026-09,September,Tuesday,Weekday,Night
2026-08-31,23:58:00,Paid to YUVRAJ VERMA,T2608312358165391470283,220000000000.0,DEBIT,Paid by XXXXXX1792,195.0,Expense,Food & Dining,2026-08,August,Monday,Weekday,Night
2026-08-31,22:31:00,Paid to RAJWATI DEVI,T2608312231396290694830,418000000000.0,DEBIT,Paid by XXXXXX1792,60.0,Expense,Food & Dining,2026-08,August,Monday,Weekday,Night
2026-08-31,22:31:00,Paid to SAMPAT,T2608312230574888731487,68198457572.0,DEBIT,Paid by XXXXXX1792,10.0,Expense,Food & Dining,2026-08,August,Monday,Weekday,Night
2026-08-31,21:26:00,Paid to Smart Point JAIPUR 2833,T2608312126309594318856,838000000000.0,DEBIT,Paid by XXXXXX1792,44.1,Expense,Shopping & Personal,2026-08,August,Monday,Weekday,Evening
2026-08-31,05:03:00,Paid to RAJESH,T2608310503472287080299,732000000000.0,DEBIT,Paid by XXXXXX1792,35.0,Expense,Shopping & Personal,2026-08,August,Monday,Weekday,Night
2026-08-31,04:52:00,Paid to RAJHANS  MEENA,T2608310452096980552869,964000000000.0,DEBIT,Paid by XXXXXX1792,40.0,Expense,Food & Dining,2026-08,August,Monday,Weekday,Night
2026-08-31,04:44:00,Paid to Lada devi,T2608310444053782891391,972000000000.0,DEBIT,Paid by XXXXXX1792,45.0,Expense,Food & Dining,2026-08,August,Monday,Weekday,Night
2026-08-31,04:29:00,Received from Ansh  Kumar,T2608310429447157718545,314000000000.0,CREDIT,Credited to XXXXXX1792,15.0,Income,Income,2026-08,August,Monday,Weekday,Night
2026-08-30,22:13:00,Received from PAPA,T2608302213464237456279,253000000000.0,CREDIT,Credited to XXXXXX1792,1500.0,Income,Income,2026-08,August,Sunday,Weekend,Night
2026-08-30,19:21:00,Paid to EGG HOUSE,T2608301921534819867925,772000000000.0,DEBIT,Paid by XXXXXX1792,100.0,Expense,Food & Dining,2026-08,August,Sunday,Weekend,Evening
2026-08-30,19:03:00,Paid to Mr MOHAMMAD JUBER,T2608301903155365437014,684000000000.0,DEBIT,Paid by XXXXXX1792,50.0,Expense,Food & Dining,2026-08,August,Sunday,Weekend,Evening
2026-08-30,18:12:00,Received from PAPA,T2608301812153724799240,432000000000.0,CREDIT,Credited to XXXXXX1792,150.0,Income,Income,2026-08,August,Sunday,Weekend,Evening
2026-08-29,19:33:00,Paid to Shubham Mahawar,T2608291933306572547912,814000000000.0,DEBIT,Paid by XXXXXX1792,38.0,Expense,Shopping & Personal,2026-08,August,Saturday,Weekend,Evening
2026-08-29,19:01:00,Paid to Mr MOHAMMAD JUBER,T2608291901022275924745,451000000000.0,DEBIT,Paid by XXXXXX1792,50.0,Expense,Food & Dining,2026-08,August,Saturday,Weekend,Evening
2026-08-29,18:35:00,Paid to SURESH TANDON,T2608291835314811102629,286000000000.0,DEBIT,Paid by XXXXXX1792,200.0,Expense,Food & Dining,2026-08,August,Saturday,Weekend,Evening
2026-08-29,18:09:00,Received from PAPA,T2608291809146461229185,960000000000.0,CREDIT,Credited to XXXXXX1792,250.0,Income,Income,2026-08,August,Saturday,Weekend,Evening
2026-08-28,21:05:00,Paid to Dushyant Kumar,T2608282105389433540241,629000000000.0,DEBIT,Paid by XXXXXX1792,3.0,Expense,Food & Dining,2026-08,August,Friday,Weekday,Evening
2026-08-28,20:51:00,Paid to Vikram,T2608282051529796675904,182000000000.0,DEBIT,Paid by XXXXXX1792,15.0,Expense,Food & Dining,2026-08,August,Friday,Weekday,Evening
2026-08-28,20:49:00,Paid to KRISHNA DUDH DAIRY ,T2608282049366503938529,222000000000.0,DEBIT,Paid by XXXXXX1792,70.0,Expense,Food & Dining,2026-08,August,Friday,Weekday,Evening
2026-08-28,20:38:00,Paid to Banarasi ,T2608282037569379867786,217000000000.0,DEBIT,Paid by XXXXXX1792,30.0,Expense,Food & Dining,2026-08,August,Friday,Weekday,Evening
2026-08-28,20:28:00,Paid to Mr MOHAMMAD JUBER,T2608282027588344409153,259000000000.0,DEBIT,Paid by XXXXXX1792,50.0,Expense,Food & Dining,2026-08,August,Friday,Weekday,Evening
2026-08-28,20:08:00,Received from PAPA,T2608282008002609870657,401000000000.0,CREDIT,Credited to XXXXXX1792,200.0,Income,Income,2026-08,August,Friday,Weekday,Evening
2026-08-26,17:07:00,Paid to S G Petroleums HPCL,T2608261707496005351470,778000000000.0,DEBIT,Paid by XXXXXX1792,300.0,Expense,Food & Dining,2026-08,August,Wednesday,Weekday,Evening
2026-08-26,17:00:00,Received from PAPA,T2608261700199046913748,272000000000.0,CREDIT,Credited to XXXXXX1792,300.0,Income,Income,2026-08,August,Wednesday,Weekday,Evening
2026-08-25,19:47:00,Paid to Refreshment and tea stall,T2608251946581299511067,465000000000.0,DEBIT,Paid by XXXXXX1792,20.0,Expense,Food & Dining,2026-08,August,Tuesday,Weekday,Evening
2026-08-25,19:39:00,Paid to Lada devi,T2608251939263285982955,116000000000.0,DEBIT,Paid by XXXXXX1792,15.0,Expense,Food & Dining,2026-08,August,Tuesday,Weekday,Evening
2026-08-25,19:38:00,Paid to Jitender Singh,T2608251938349160018824,925000000000.0,DEBIT,Paid by XXXXXX1792,68.0,Expense,Shopping & Personal,2026-08,August,Tuesday,Weekday,Evening
2026-08-25,13:51:00,Received from Shubham Mahawar,T2608251351327897179995,660000000000.0,CREDIT,Credited to XXXXXX1792,90.0,Income,Income,2026-08,August,Tuesday,Weekday,Morning/Afternoon
2026-08-24,23:44:00,Paid to Bhanwar Singh rothore,T2608242344221534264764,594000000000.0,DEBIT,Paid by XXXXXX1792,60.0,Expense,Food & Dining,2026-08,August,Monday,Weekday,Night
2026-08-24,23:44:00,Paid to RAJWATI DEVI,T2608242343582577719684,67961524662.0,DEBIT,Paid by XXXXXX1792,45.0,Expense,Food & Dining,2026-08,August,Monday,Weekday,Night
2026-08-24,23:18:00,Received from Mr ISHAAN  KUMAR,T2608242318553293263918,624000000000.0,CREDIT,Credited to XXXXXX1792,120.0,Income,Income,2026-08,August,Monday,Weekday,Night
2026-08-23,20:38:00,Paid to VITAMIN FACTORY,T2608232038098552299115,16135446761.0,DEBIT,Paid by XXXXXX1792,200.0,Expense,Food & Dining,2026-08,August,Sunday,Weekend,Evening
2026-08-23,20:28:00,Received from NISHANT GAUTAM,T2608232028111056938807,313000000000.0,CREDIT,Credited to XXXXXX1792,200.0,Income,Income,2026-08,August,Sunday,Weekend,Evening
2026-08-23,13:25:00,Paid to Jaggu,T2608231325077243808061,633000000000.0,DEBIT,Paid by XXXXXX1792,510.0,Expense,Groceries & Essentials,2026-08,August,Sunday,Weekend,Morning/Afternoon
2026-08-23,03:39:00,Received from CHEKKA CHANDRAHAS,T2608230339070094714401,4314936328.0,CREDIT,Credited to XXXXXX1792,600.0,Income,Income,2026-08,August,Sunday,Weekend,Night
2026-08-22,22:53:00,Paid to PRAVEEN KUMAR GHOR,T2608222253003399521410,884000000000.0,DEBIT,Paid by XXXXXX1792,330.0,Expense,Transfers & Other,2026-08,August,Saturday,Weekend,Night
2026-08-22,22:52:00,Paid to CHANCHAL,T2608222252402451711600,665000000000.0,DEBIT,Paid by XXXXXX1792,100.0,Expense,Food & Dining,2026-08,August,Saturday,Weekend,Night
2026-08-22,22:52:00,Received from CHEKKA CHANDRAHAS,T2608222252266645034489,623000000000.0,CREDIT,Credited to XXXXXX1792,430.0,Income,Income,2026-08,August,Saturday,Weekend,Night
2026-08-22,22:39:00,Paid to OM ICE CREAM PARLOUR,T2608222239429443557597,357000000000.0,DEBIT,Paid by XXXXXX1792,50.0,Expense,Food & Dining,2026-08,August,Saturday,Weekend,Night
2026-08-22,22:39:00,Received from Chirag  Dixit,T2608222239406277868760,623000000000.0,CREDIT,Credited to XXXXXX1792,50.0,Income,Income,2026-08,August,Saturday,Weekend,Night
2026-08-22,22:39:00,Paid to OM ICE CREAM PARLOUR,T2608222239011689496696,310000000000.0,DEBIT,Paid by XXXXXX1792,30.0,Expense,Food & Dining,2026-08,August,Saturday,Weekend,Night
2026-08-22,22:24:00,Paid to BABON KONAI,T2608222224542224991396,994000000000.0,DEBIT,Paid by XXXXXX1792,50.0,Expense,Food & Dining,2026-08,August,Saturday,Weekend,Night
2026-08-22,22:07:00,Paid to Kanak traders ,T2608222207051639299137,667000000000.0,DEBIT,Paid by XXXXXX1792,1.0,Expense,Shopping & Personal,2026-08,August,Saturday,Weekend,Night
2026-08-22,22:06:00,Paid to Kanak traders ,T2608222206488755464238,816000000000.0,DEBIT,Paid by XXXXXX1792,1.0,Expense,Shopping & Personal,2026-08,August,Saturday,Weekend,Night
2026-08-22,22:00:00,Paid to Kanak traders ,T2608222200284729533393,741000000000.0,DEBIT,Paid by XXXXXX1792,15.0,Expense,Food & Dining,2026-08,August,Saturday,Weekend,Night
2026-08-22,21:52:00,Paid to Nishant Jr,T2608222152096805528269,887000000000.0,DEBIT,Paid by XXXXXX1792,200.0,Expense,Food & Dining,2026-08,August,Saturday,Weekend,Evening
2026-08-22,19:15:00,Received from PAPA,T2608221915271449105614,948000000000.0,CREDIT,Credited to XXXXXX1792,300.0,Income,Income,2026-08,August,Saturday,Weekend,Evening
2026-08-20,23:45:00,Paid to RAJWATI DEVI,T2608202345399027851585,342000000000.0,DEBIT,Paid by XXXXXX1792,30.0,Expense,Food & Dining,2026-08,August,Thursday,Weekday,Night
2026-08-20,23:42:00,Received from Mr ISHAAN  KUMAR,T2608202342452199866184,660000000000.0,CREDIT,Credited to XXXXXX1792,30.0,Income,Income,2026-08,August,Thursday,Weekday,Night
2026-08-20,23:28:00,Received from PAPA,T2608202328109565584182,728000000000.0,CREDIT,Credited to XXXXXX1792,1.0,Income,Income,2026-08,August,Thursday,Weekday,Night
2026-08-20,00:04:00,Paid to RAJWATI DEVI,T2608200004298629365690,479000000000.0,DEBIT,Paid by XXXXXX1792,50.0,Expense,Food & Dining,2026-08,August,Thursday,Weekday,Night
2026-08-20,00:04:00,Paid to Sampat,T2608200004035763233783,811000000000.0,DEBIT,Paid by XXXXXX1792,60.0,Expense,Food & Dining,2026-08,August,Thursday,Weekday,Night
2026-08-19,23:53:00,Received from Jaggu,T2608192353542140316648,144000000000.0,CREDIT,Credited to XXXXXX1792,60.0,Income,Income,2026-08,August,Wednesday,Weekday,Night
2026-08-19,23:45:00,Received from Jaggu,T2608192345529014949300,138000000000.0,CREDIT,Credited to XXXXXX1792,50.0,Income,Income,2026-08,August,Wednesday,Weekday,Night
2026-08-19,18:18:00,Paid to 919521312670,T2608191818271285132348,296000000000.0,DEBIT,Paid by XXXXXX1792,15.0,Expense,Food & Dining,2026-08,August,Wednesday,Weekday,Evening
2026-08-19,16:58:00,Paid to Sharma tea stal,T2608191658532629045007,342000000000.0,DEBIT,Paid by XXXXXX1792,7.0,Expense,Shopping & Personal,2026-08,August,Wednesday,Weekday,Afternoon
2026-08-19,16:41:00,Paid to SHARDA INFRASTRUCTURE DEVELOPERS,T2608191641256738631298,793000000000.0,DEBIT,Paid by XXXXXX1792,20.0,Expense,Food & Dining,2026-08,August,Wednesday,Weekday,Afternoon
2026-08-18,23:28:00,Paid to RAJWATI DEVI,T2608182328052337588366,489000000000.0,DEBIT,Paid by XXXXXX1792,60.0,Expense,Food & Dining,2026-08,August,Tuesday,Weekday,Night
2026-08-18,23:27:00,Paid to SAMPAT,T2608182327455122661652,302000000000.0,DEBIT,Paid by XXXXXX1792,60.0,Expense,Food & Dining,2026-08,August,Tuesday,Weekday,Night
2026-08-18,23:24:00,Received from Chirag  Dixit,T2608182324079579622348,623000000000.0,CREDIT,Credited to XXXXXX1792,100.0,Income,Income,2026-08,August,Tuesday,Weekday,Night
2026-08-18,21:37:00,Paid to Tea Centre ,T2608182136564537763520,269000000000.0,DEBIT,Paid by XXXXXX1792,40.0,Expense,Food & Dining,2026-08,August,Tuesday,Weekday,Evening
2026-08-18,20:58:00,Received from Shubham Mahawar,T2608182058090072943199,660000000000.0,CREDIT,Credited to XXXXXX1792,100.0,Income,Income,2026-08,August,Tuesday,Weekday,Evening
2026-08-18,02:24:00,Paid to RAJWATI DEVI,T2608180224226163073988,99169302846.0,DEBIT,Paid by XXXXXX1792,75.0,Expense,Food & Dining,2026-08,August,Tuesday,Weekday,Night
2026-08-18,02:23:00,Received from Adi Jr,T2608180223170288404557,954000000000.0,CREDIT,Credited to XXXXXX1792,45.0,Income,Income,2026-08,August,Tuesday,Weekday,Night
2026-08-18,02:21:00,Paid to SAMPAT,T2608180221456895005339,635000000000.0,DEBIT,Paid by XXXXXX1792,80.0,Expense,Food & Dining,2026-08,August,Tuesday,Weekday,Night
2026-08-18,00:18:00,Received from Aviral  Dixit,T2608180018012977909511,4187005244.0,CREDIT,Credited to XXXXXX1792,100.0,Income,Income,2026-08,August,Tuesday,Weekday,Night
2026-08-17,19:13:00,Paid to RAHUL DEV SINGH,T2608171913083778240232,434000000000.0,DEBIT,Paid by XXXXXX1792,5.0,Expense,Transport & Travel,2026-08,August,Monday,Weekday,Evening
2026-08-17,19:12:00,Paid to RAHUL DEV SINGH,T2608171912064253048090,6951052286.0,DEBIT,Paid by XXXXXX1792,30.0,Expense,Food & Dining,2026-08,August,Monday,Weekday,Evening
2026-08-16,23:21:00,Paid to RAJWATI DEVI,T2608162321288847124004,359000000000.0,DEBIT,Paid by XXXXXX1792,90.0,Expense,Food & Dining,2026-08,August,Sunday,Weekend,Night
2026-08-16,23:19:00,Paid to SAMPAT,T2608162319513926122548,164000000000.0,DEBIT,Paid by XXXXXX1792,70.0,Expense,Food & Dining,2026-08,August,Sunday,Weekend,Night
2026-08-16,22:10:00,Received from Nakul Kantilal Sonar,T2608162210565284306504,623000000000.0,CREDIT,Credited to XXXXXX1792,200.0,Income,Income,2026-08,August,Sunday,Weekend,Night
2026-08-14,22:45:00,Paid to SAMPAT,T2608142245250788851213,670000000000.0,DEBIT,Paid by XXXXXX1792,90.0,Expense,Food & Dining,2026-08,August,Friday,Weekday,Night
2026-08-14,22:43:00,Paid to RAJWATI DEVI,T2608142243444551583130,534000000000.0,DEBIT,Paid by XXXXXX1792,415.0,Expense,Food & Dining,2026-08,August,Friday,Weekday,Night
2026-08-14,22:34:00,Received from Sahil  Choudhary,T2608142234516935874990,623000000000.0,CREDIT,Credited to XXXXXX1792,500.0,Income,Income,2026-08,August,Friday,Weekday,Night
2026-08-13,13:06:00,Paid to DESHRAJ ,T2608131306334392166574,262000000000.0,DEBIT,Paid by XXXXXX1792,40.0,Expense,Food & Dining,2026-08,August,Thursday,Weekday,Morning/Afternoon
2026-08-13,12:58:00,Paid to Smart Point JAIPUR 2833,T2608131258408614636803,433000000000.0,DEBIT,Paid by XXXXXX1792,26.25,Expense,Shopping & Personal,2026-08,August,Thursday,Weekday,Morning/Afternoon
2026-08-13,12:48:00,Paid to MAHAVEER PRASAD SHARMA,T2608131248275732740084,414000000000.0,DEBIT,Paid by XXXXXX1792,80.0,Expense,Food & Dining,2026-08,August,Thursday,Weekday,Morning/Afternoon
2026-08-13,12:21:00,Paid to OM PRAKASH,T2608131221133695614119,746000000000.0,DEBIT,Paid by XXXXXX1792,30.0,Expense,Food & Dining,2026-08,August,Thursday,Weekday,Morning/Afternoon
2026-08-13,09:54:00,Paid to Mr Batti Lal Meena,T2608130954123103529896,190000000000.0,DEBIT,Paid by XXXXXX1792,20.0,Expense,Food & Dining,2026-08,August,Thursday,Weekday,Morning/Afternoon
2026-08-13,00:26:00,Paid to RAJWATI DEVI,T2608130026002537306172,222000000000.0,DEBIT,Paid by XXXXXX1792,150.0,Expense,Food & Dining,2026-08,August,Thursday,Weekday,Night
2026-08-13,00:24:00,Paid to SAMPAT,T2608130024516503257314,51324294199.0,DEBIT,Paid by XXXXXX1792,140.0,Expense,Food & Dining,2026-08,August,Thursday,Weekday,Night
2026-08-12,17:32:00,Paid to RAHUL DEV SINGH,T2608121732523635550086,524000000000.0,DEBIT,Paid by XXXXXX1792,30.0,Expense,Food & Dining,2026-08,August,Wednesday,Weekday,Evening
2026-08-12,17:30:00,Paid to RAHUL DEV SINGH,T2608121730108633257392,500000000000.0,DEBIT,Paid by XXXXXX1792,65.0,Expense,Transport & Travel,2026-08,August,Wednesday,Weekday,Evening
2026-08-12,02:07:00,Paid to SAMPAT,T2608120207364017402334,855000000000.0,DEBIT,Paid by XXXXXX1792,30.0,Expense,Food & Dining,2026-08,August,Wednesday,Weekday,Night
2026-08-12,02:06:00,Received from LOKESH,T2608120206360846618454,55053686919.0,CREDIT,Credited to XXXXXX1792,100.0,Income,Income,2026-08,August,Wednesday,Weekday,Night
2026-08-12,02:06:00,Paid to RAJWATI DEVI,T2608120206258586381518,269000000000.0,DEBIT,Paid by XXXXXX1792,60.0,Expense,Food & Dining,2026-08,August,Wednesday,Weekday,Night
2026-08-12,02:04:00,Paid to SAMPAT,T2608120204466379739399,517000000000.0,DEBIT,Paid by XXXXXX1792,50.0,Expense,Food & Dining,2026-08,August,Wednesday,Weekday,Night
2026-08-12,02:04:00,Paid to SAMPAT,T2608120204012366187527,80874566656.0,DEBIT,Paid by XXXXXX1792,110.0,Expense,Food & Dining,2026-08,August,Wednesday,Weekday,Night
2026-08-11,23:29:00,Paid to RAJWATI DEVI,T2608112329394532620826,84009119867.0,DEBIT,Paid by XXXXXX1792,155.0,Expense,Food & Dining,2026-08,August,Tuesday,Weekday,Night
2026-08-11,23:28:00,Received from Adi Jr,T2608112328506936384741,517000000000.0,CREDIT,Credited to XXXXXX1792,30.0,Income,Income,2026-08,August,Tuesday,Weekday,Night
2026-08-11,22:42:00,Received from Jaggu,T2608112242247491166305,642000000000.0,CREDIT,Credited to XXXXXX1792,60.0,Income,Income,2026-08,August,Tuesday,Weekday,Night
2026-08-11,19:47:00,Paid to JATIN DHANJANI,T2608111947029239995342,650000000000.0,DEBIT,Paid by XXXXXX1792,550.0,Expense,Groceries & Essentials,2026-08,August,Tuesday,Weekday,Evening
2026-08-11,19:09:00,Paid to Malviya Nagar,T2608111909230282081343,352000000000.0,DEBIT,Paid by XXXXXX1792,261.0,Expense,Shopping & Personal,2026-08,August,Tuesday,Weekday,Evening
2026-08-11,16:19:00,Paid to RAHUL DEV SINGH,T2608111618599594412620,981000000000.0,DEBIT,Paid by XXXXXX1792,10.0,Expense,Food & Dining,2026-08,August,Tuesday,Weekday,Afternoon
2026-08-11,13:02:00,Paid to GANESH,T2608111302436017800427,936000000000.0,DEBIT,Paid by XXXXXX1792,5.0,Expense,Transport & Travel,2026-08,August,Tuesday,Weekday,Morning/Afternoon
2026-08-11,13:02:00,Paid to GANESH,T2608111302132907673467,657000000000.0,DEBIT,Paid by XXXXXX1792,35.0,Expense,Transport & Travel,2026-08,August,Tuesday,Weekday,Morning/Afternoon
2026-08-10,23:14:00,Paid to Sampat,T2608102314257545995977,105000000000.0,DEBIT,Paid by XXXXXX1792,150.0,Expense,Food & Dining,2026-08,August,Monday,Weekday,Night
2026-08-10,22:59:00,Paid to Nishant Jr,T2608102259223867408535,239000000000.0,DEBIT,Paid by XXXXXX1792,60.0,Expense,Food & Dining,2026-08,August,Monday,Weekday,Night
2026-08-10,17:33:00,Paid to MNIT Saras parlour ,T2608101733340228060208,399000000000.0,DEBIT,Paid by XXXXXX1792,60.0,Expense,Food & Dining,2026-08,August,Monday,Weekday,Evening
2026-08-10,15:57:00,Paid to GANESH,T2608101557365636512066,306000000000.0,DEBIT,Paid by XXXXXX1792,35.0,Expense,Transport & Travel,2026-08,August,Monday,Weekday,Afternoon
2026-08-10,00:48:00,Paid to RAJWATI DEVI,T2608100048032506109562,741000000000.0,DEBIT,Paid by XXXXXX1792,15.0,Expense,Food & Dining,2026-08,August,Monday,Weekday,Night
2026-08-09,22:56:00,Paid to Bhanwar Singh rothore,T2608092256151728634468,461000000000.0,DEBIT,Paid by XXXXXX1792,10.0,Expense,Food & Dining,2026-08,August,Sunday,Weekend,Night
2026-08-09,22:38:00,Paid to Bhanwar Singh rothore,T2608092238164985122244,876000000000.0,DEBIT,Paid by XXXXXX1792,10.0,Expense,Food & Dining,2026-08,August,Sunday,Weekend,Night
2026-08-09,22:24:00,Paid to Jaggu,T2608092224009957598490,364000000000.0,DEBIT,Paid by XXXXXX1792,45.0,Expense,Food & Dining,2026-08,August,Sunday,Weekend,Night
2026-08-09,16:37:00,Received from PAPA,T2608091637163084727171,153000000000.0,CREDIT,Credited to XXXXXX1792,2000.0,Income,Income,2026-08,August,Sunday,Weekend,Afternoon
2026-08-09,16:34:00,Paid to RAHUL DEV SINGH,T2608091634333715464940,579000000000.0,DEBIT,Paid by XXXXXX1792,10.0,Expense,Food & Dining,2026-08,August,Sunday,Weekend,Afternoon
2026-08-09,16:27:00,Paid to RAHUL DEV SINGH,T2608091627145427013056,909000000000.0,DEBIT,Paid by XXXXXX1792,40.0,Expense,Food & Dining,2026-08,August,Sunday,Weekend,Afternoon
2026-08-09,16:26:00,Received from Varun,T2608091626275495559331,622000000000.0,CREDIT,Credited to XXXXXX1792,100.0,Income,Income,2026-08,August,Sunday,Weekend,Afternoon
2026-08-06,23:45:00,Paid to Rahul,T2608062345369484846143,726000000000.0,DEBIT,Paid by XXXXXX1792,100.0,Expense,Food & Dining,2026-08,August,Thursday,Weekday,Night
2026-08-06,23:42:00,Received from Nitesh,T2608062342251238979363,789000000000.0,CREDIT,Credited to XXXXXX1792,100.0,Income,Income,2026-08,August,Thursday,Weekday,Night
2026-08-05,01:42:00,Paid to Jaggu,T2608050142408089924302,378000000000.0,DEBIT,Paid by XXXXXX1792,25.0,Expense,Groceries & Essentials,2026-08,August,Wednesday,Weekday,Night
2026-08-04,19:05:00,Paid to RAHUL DEV SINGH,T2608041905387853514468,888000000000.0,DEBIT,Paid by XXXXXX1792,75.0,Expense,Food & Dining,2026-08,August,Tuesday,Weekday,Evening
2026-08-04,14:29:00,Received from BHANWAR SINGH RATHORE,T2608041429388022933858,658000000000.0,CREDIT,Credited to XXXXXX1792,100.0,Income,Income,2026-08,August,Tuesday,Weekday,Morning/Afternoon
2026-08-03,11:55:00,Paid to Rattiram,T2608031155344507369215,123000000000.0,DEBIT,Paid by XXXXXX1792,35.0,Expense,Transport & Travel,2026-08,August,Monday,Weekday,Morning/Afternoon
2026-08-03,11:41:00,Paid to Vashudev Pan,T2608031141273235955195,5658854054.0,DEBIT,Paid by XXXXXX1792,15.0,Expense,Food & Dining,2026-08,August,Monday,Weekday,Morning/Afternoon
2026-08-03,10:31:00,Received from Shubham Mahawar,T2608031031288699845026,658000000000.0,CREDIT,Credited to XXXXXX1792,50.0,Income,Income,2026-08,August,Monday,Weekday,Morning/Afternoon
2026-08-03,02:44:00,Paid to Rahul,T2608030244193457183180,833000000000.0,DEBIT,Paid by XXXXXX1792,30.0,Expense,Food & Dining,2026-08,August,Monday,Weekday,Night
2026-08-02,17:32:00,Paid to Roop Sagar Foodworks and Technologies LLP Kanpur,T2608021732416035492707,888000000000.0,DEBIT,Paid by XXXXXX1792,65.0,Expense,Shopping & Personal,2026-08,August,Sunday,Weekend,Evening
2026-08-02,17:31:00,Received from Rahul,T2608021731381037295720,525000000000.0,CREDIT,Credited to XXXXXX1792,40.0,Income,Income,2026-08,August,Sunday,Weekend,Evening
2026-08-02,15:51:00,Paid to Rahul,T2608021551388348113785,854000000000.0,DEBIT,Paid by XXXXXX1792,5.0,Expense,Groceries & Essentials,2026-08,August,Sunday,Weekend,Afternoon
2026-08-02,15:31:00,Paid to Rahul,T2608021531557200484796,731000000000.0,DEBIT,Paid by XXXXXX1792,40.0,Expense,Food & Dining,2026-08,August,Sunday,Weekend,Afternoon
2026-08-02,04:05:00,Paid to Roop Sagar Foodworks and Technologies LLP Kanpur,T2608020404590118865572,862000000000.0,DEBIT,Paid by XXXXXX1792,37.56,Expense,Shopping & Personal,2026-08,August,Sunday,Weekend,Night
2026-08-02,03:54:00,Received from Jaggu,T2608020353580681099654,352000000000.0,CREDIT,Credited to XXXXXX1792,130.0,Income,Income,2026-08,August,Sunday,Weekend,Night
2026-07-31,22:51:00,Paid to Rahul,T2607312251309401051114,393000000000.0,DEBIT,Paid by XXXXXX1792,100.0,Expense,Food & Dining,2026-07,July,Friday,Weekday,Night
2026-07-31,21:45:00,Received from Shubham Mahawar,T2607312145232084368621,658000000000.0,CREDIT,Credited to XXXXXX1792,100.0,Income,Income,2026-07,July,Friday,Weekday,Evening
2026-07-31,13:32:00,Paid to Mr SUKUMAR RAY,T2607311332213255500541,775000000000.0,DEBIT,Paid by XXXXXX1792,30.0,Expense,Food & Dining,2026-07,July,Friday,Weekday,Morning/Afternoon
2026-07-31,13:31:00,Received from Rahul,T2607311331475366547984,450000000000.0,CREDIT,Credited to XXXXXX1792,30.0,Income,Income,2026-07,July,Friday,Weekday,Morning/Afternoon
2026-07-31,13:22:00,Paid to TULSHI DASH PHOTO COPY ,T2607311322002979193662,924000000000.0,DEBIT,Paid by XXXXXX1792,15.0,Expense,Food & Dining,2026-07,July,Friday,Weekday,Morning/Afternoon
2026-07-31,13:14:00,Paid to Chauhan photo state ,T2607311314080127183648,206000000000.0,DEBIT,Paid by XXXXXX1792,30.0,Expense,Food & Dining,2026-07,July,Friday,Weekday,Morning/Afternoon
2026-07-31,13:04:00,Received from Rahul,T2607311304428633804975,268000000000.0,CREDIT,Credited to XXXXXX1792,50.0,Income,Income,2026-07,July,Friday,Weekday,Morning/Afternoon
2026-07-31,12:43:00,Paid to Vishal  Meena,T2607311243440134604221,580000000000.0,DEBIT,Paid by XXXXXX1792,50.0,Expense,Food & Dining,2026-07,July,Friday,Weekday,Morning/Afternoon
2026-07-31,12:37:00,Received from Rahul,T2607311237291254116243,296000000000.0,CREDIT,Credited to XXXXXX1792,50.0,Income,Income,2026-07,July,Friday,Weekday,Morning/Afternoon
2026-07-30,21:26:00,Paid to RAJWATI DEVI,T2607302126437481137136,915000000000.0,DEBIT,Paid by XXXXXX1792,60.0,Expense,Food & Dining,2026-07,July,Thursday,Weekday,Evening
2026-07-30,21:26:00,Paid to SAMPAT,T2607302126299728670273,665000000000.0,DEBIT,Paid by XXXXXX1792,10.0,Expense,Food & Dining,2026-07,July,Thursday,Weekday,Evening
2026-07-30,20:52:00,Received from Shubham Mahawar,T2607302052212347449047,658000000000.0,CREDIT,Credited to XXXXXX1792,70.0,Income,Income,2026-07,July,Thursday,Weekday,Evening
2026-07-30,15:54:00,Paid to Choton Konai,T2607301554050820073266,258000000000.0,DEBIT,Paid by XXXXXX1792,100.0,Expense,Food & Dining,2026-07,July,Thursday,Weekday,Afternoon
2026-07-30,15:41:00,Paid to Panditji Tea Stall,T2607301541142207710636,13781152537.0,DEBIT,Paid by XXXXXX1792,55.0,Expense,Food & Dining,2026-07,July,Thursday,Weekday,Afternoon
2026-07-30,02:22:00,Paid to Roop Sagar Foodworks and Technologies LLP Kanpur,T2607300222307399772377,329000000000.0,DEBIT,Paid by XXXXXX1792,89.77,Expense,Shopping & Personal,2026-07,July,Thursday,Weekday,Night
2026-07-29,23:39:00,Paid to Jeetu Jr,T2607292339123807020937,859000000000.0,DEBIT,Paid by XXXXXX1792,100.0,Expense,Food & Dining,2026-07,July,Wednesday,Weekday,Night
2026-07-29,23:31:00,Paid to Rahul,T2607292331099648545470,158000000000.0,DEBIT,Paid by XXXXXX1792,96.0,Expense,Food & Dining,2026-07,July,Wednesday,Weekday,Night
2026-07-29,23:06:00,Paid to Rahul,T2607292306054707657287,640000000000.0,DEBIT,Paid by XXXXXX1792,13.0,Expense,Groceries & Essentials,2026-07,July,Wednesday,Weekday,Night
2026-07-29,22:52:00,Paid to HARSHVARDHAN MALAWAT,T2607292252512735501001,458000000000.0,DEBIT,Paid by XXXXXX1792,600.0,Expense,Transfers & Other,2026-07,July,Wednesday,Weekday,Night
2026-07-29,22:50:00,Paid to ROPPEN TRANSPORTATION SERVICES PRIVATE LIMITED,T2607292250362961578691,869000000000.0,DEBIT,Paid by XXXXXX1792,37.0,Expense,Shopping & Personal,2026-07,July,Wednesday,Weekday,Night
2026-07-29,22:40:00,Received from Rahul,T2607292240178788877791,805000000000.0,CREDIT,Credited to XXXXXX1792,600.0,Income,Income,2026-07,July,Wednesday,Weekday,Night
2026-07-29,21:55:00,Paid to Rahul,T2607292155514710590089,77697008973.0,DEBIT,Paid by XXXXXX1792,50.0,Expense,Food & Dining,2026-07,July,Wednesday,Weekday,Evening
2026-07-29,00:44:00,Paid to AJAY,T2607290044258293476823,706000000000.0,DEBIT,Paid by XXXXXX1792,180.0,Expense,Food & Dining,2026-07,July,Wednesday,Weekday,Night
2026-07-28,20:31:00,Paid to RAHUL RAO,T2607282031339346712019,107000000000.0,DEBIT,Paid by XXXXXX1792,24.0,Expense,Food & Dining,2026-07,July,Tuesday,Weekday,Evening
2026-07-28,13:31:00,Paid to KALURAM MEENA,T2607281331024054316908,196000000000.0,DEBIT,Paid by XXXXXX1792,40.0,Expense,Food & Dining,2026-07,July,Tuesday,Weekday,Morning/Afternoon
2026-07-28,13:19:00,Paid to MITHLESH DEVI,T2607281319121612446912,691000000000.0,DEBIT,Paid by XXXXXX1792,54.0,Expense,Food & Dining,2026-07,July,Tuesday,Weekday,Morning/Afternoon
2026-07-28,12:18:00,Paid to RAJWATI DEVI,T2607281218159455896363,361000000000.0,DEBIT,Paid by XXXXXX1792,30.0,Expense,Food & Dining,2026-07,July,Tuesday,Weekday,Morning/Afternoon
2026-07-27,22:23:00,Paid to RAJWATI DEVI,T2607272223549606849726,281000000000.0,DEBIT,Paid by XXXXXX1792,45.0,Expense,Food & Dining,2026-07,July,Monday,Weekday,Night
2026-07-27,15:35:00,Paid to Vashudev Pan,T2607271535253165278998,985000000000.0,DEBIT,Paid by XXXXXX1792,95.0,Expense,Food & Dining,2026-07,July,Monday,Weekday,Afternoon
2026-07-27,15:00:00,Paid to RAHUL CHOUDHARY,T2607271500162655807150,950000000000.0,DEBIT,Paid by XXXXXX1792,200.0,Expense,Food & Dining,2026-07,July,Monday,Weekday,Afternoon
2026-07-27,00:15:00,Paid to Rahul,T2607270015495729914430,745000000000.0,DEBIT,Paid by XXXXXX1792,140.0,Expense,Food & Dining,2026-07,July,Monday,Weekday,Night
2026-07-26,02:45:00,Paid to Rahul,T2607260245319564842499,774000000000.0,DEBIT,Paid by XXXXXX1792,45.0,Expense,Food & Dining,2026-07,July,Sunday,Weekend,Night
2026-07-25,22:40:00,Paid to RADHASHYAM MEENA,T2607252240302797727264,996000000000.0,DEBIT,Paid by XXXXXX1792,110.0,Expense,Food & Dining,2026-07,July,Saturday,Weekend,Night
2026-07-25,22:11:00,Paid to Lada devi,T2607252211050302451453,179000000000.0,DEBIT,Paid by XXXXXX1792,30.0,Expense,Food & Dining,2026-07,July,Saturday,Weekend,Night
2026-07-25,16:18:00,Received from PAPA,T2607251618060492804668,762000000000.0,CREDIT,Credited to XXXXXX1792,2000.0,Income,Income,2026-07,July,Saturday,Weekend,Afternoon
2026-07-24,19:35:00,Paid to Durga Provision store.,T2607241935071300011458,968000000000.0,DEBIT,Paid by XXXXXX1792,5.0,Expense,Shopping & Personal,2026-07,July,Friday,Weekday,Evening
2026-07-24,19:32:00,Paid to Mr MOHAMMAD JUBER,T2607241932388945160826,998000000000.0,DEBIT,Paid by XXXXXX1792,100.0,Expense,Food & Dining,2026-07,July,Friday,Weekday,Evening
2026-07-24,18:42:00,Received from PAPA,T2607241842090622233397,246000000000.0,CREDIT,Credited to XXXXXX1792,200.0,Income,Income,2026-07,July,Friday,Weekday,Evening
2026-07-23,18:46:00,Paid to Yogesh Kumar,T2607231846313717148610,898000000000.0,DEBIT,Paid by XXXXXX1792,70.0,Expense,Food & Dining,2026-07,July,Thursday,Weekday,Evening
2026-07-23,17:52:00,Paid to PANKAJ JAIN S O LALCHAND JAIN,T2607231752310480259845,469000000000.0,DEBIT,Paid by XXXXXX1792,40.0,Expense,Food & Dining,2026-07,July,Thursday,Weekday,Evening
2026-07-21,21:03:00,Paid to RAJENDRA NAGAR,T2607212103007232974658,388000000000.0,DEBIT,Paid by XXXXXX1792,30.0,Expense,Food & Dining,2026-07,July,Tuesday,Weekday,Evening
2026-07-21,20:47:00,Paid to Banarasi ,T2607212047520864142163,144000000000.0,DEBIT,Paid by XXXXXX1792,30.0,Expense,Food & Dining,2026-07,July,Tuesday,Weekday,Evening
2026-07-21,20:31:00,Paid to Mr MOHAMMAD JUBER,T2607212031350261298569,63175385755.0,DEBIT,Paid by XXXXXX1792,80.0,Expense,Food & Dining,2026-07,July,Tuesday,Weekday,Evening
2026-07-21,20:07:00,Paid to Mohamad islam,T2607212007548545359847,256000000000.0,DEBIT,Paid by XXXXXX1792,60.0,Expense,Food & Dining,2026-07,July,Tuesday,Weekday,Evening
2026-07-21,11:19:00,Paid to Geeta Wo Chotelal,T2607211118575800381824,527000000000.0,DEBIT,Paid by XXXXXX1792,50.0,Expense,Food & Dining,2026-07,July,Tuesday,Weekday,Morning/Afternoon
2026-07-21,11:04:00,Paid to Mr MOHAMMAD JUBER,T2607211104159180381233,590000000000.0,DEBIT,Paid by XXXXXX1792,40.0,Expense,Food & Dining,2026-07,July,Tuesday,Weekday,Morning/Afternoon
2026-07-21,10:41:00,Paid to JAI MATA DI BIKE CARE,T2607211041319527615996,860000000000.0,DEBIT,Paid by XXXXXX1792,200.0,Expense,Food & Dining,2026-07,July,Tuesday,Weekday,Morning/Afternoon
2026-07-21,09:32:00,Received from PAPA,T2607210931571501298799,912000000000.0,CREDIT,Credited to XXXXXX1792,500.0,Income,Income,2026-07,July,Tuesday,Weekday,Morning/Afternoon
2026-07-20,19:47:00,Received from PAPA,T2607201947177124055926,613000000000.0,CREDIT,Credited to XXXXXX1792,100.0,Income,Income,2026-07,July,Monday,Weekday,Evening
2026-07-19,14:12:00,Paid to APNA PAAN WALA,T2607191412450555050103,879000000000.0,DEBIT,Paid by XXXXXX1792,15.0,Expense,Food & Dining,2026-07,July,Sunday,Weekend,Morning/Afternoon
2026-07-19,14:12:00,Paid to Three Star Makeover Hair salon,T2607191412033487155318,885000000000.0,DEBIT,Paid by XXXXXX1792,250.0,Expense,Shopping & Personal,2026-07,July,Sunday,Weekend,Morning/Afternoon
2026-07-19,12:27:00,Paid to Shubham Kumar Prajapat,T2607191227448393878969,254000000000.0,DEBIT,Paid by XXXXXX1792,30.0,Expense,Food & Dining,2026-07,July,Sunday,Weekend,Morning/Afternoon
2026-07-19,12:13:00,Received from PAPA,T2607191213390566731521,634000000000.0,CREDIT,Credited to XXXXXX1792,300.0,Income,Income,2026-07,July,Sunday,Weekend,Morning/Afternoon
2026-07-18,19:23:00,Paid to DHARMENDRA SAINI,T2607181923468714264161,16486307900.0,DEBIT,Paid by XXXXXX1792,700.0,Expense,Food & Dining,2026-07,July,Saturday,Weekend,Evening
2026-07-18,19:12:00,Paid to HEMANT SHARMA,T2607181912030430131417,600000000000.0,DEBIT,Paid by XXXXXX1792,240.0,Expense,Food & Dining,2026-07,July,Saturday,Weekend,Evening
2026-07-18,18:47:00,Received from Shubham Mahawar,T2607181847545853031931,620000000000.0,CREDIT,Credited to XXXXXX1792,1.0,Income,Income,2026-07,July,Saturday,Weekend,Evening
2026-07-18,18:35:00,Received from PAPA,T2607181835378072509696,850000000000.0,CREDIT,Credited to XXXXXX1792,800.0,Income,Income,2026-07,July,Saturday,Weekend,Evening
2026-07-17,19:31:00,Paid to Ram vegitable ,T2607171931025098427320,168000000000.0,DEBIT,Paid by XXXXXX1792,20.0,Expense,Food & Dining,2026-07,July,Friday,Weekday,Evening
2026-07-17,19:28:00,Paid to Mr MOHAMMAD JUBER,T2607171928279815669424,324000000000.0,DEBIT,Paid by XXXXXX1792,100.0,Expense,Food & Dining,2026-07,July,Friday,Weekday,Evening
2026-07-17,18:52:00,Paid to INDIA MEAT SHOP BAKRA AND CHICKEN SHOP,T2607171852272155827888,710000000000.0,DEBIT,Paid by XXXXXX1792,220.0,Expense,Food & Dining,2026-07,July,Friday,Weekday,Evening
2026-07-17,18:33:00,Received from PAPA,T2607171833298047604990,254000000000.0,CREDIT,Credited to XXXXXX1792,500.0,Income,Income,2026-07,July,Friday,Weekday,Evening
2026-07-15,18:13:00,Paid to Mr MOHAMMAD JUBER,T2607151813215431445214,309000000000.0,DEBIT,Paid by XXXXXX1792,50.0,Expense,Food & Dining,2026-07,July,Wednesday,Weekday,Evening
2026-07-15,16:20:00,Paid to Mr MOHAMMAD JUBER,T2607151620016657123895,456000000000.0,DEBIT,Paid by XXXXXX1792,30.0,Expense,Food & Dining,2026-07,July,Wednesday,Weekday,Afternoon
2026-07-13,20:24:00,Paid to Lada devi,T2607132024282521502016,520000000000.0,DEBIT,Paid by XXXXXX1792,15.0,Expense,Food & Dining,2026-07,July,Monday,Weekday,Evening
2026-07-13,20:23:00,Paid to Dharmraj gurjar,T2607132023126465064506,371000000000.0,DEBIT,Paid by XXXXXX1792,100.0,Expense,Food & Dining,2026-07,July,Monday,Weekday,Evening
2026-07-13,20:22:00,Received from JITENDRA KUMAR,T2607132022231651545586,656000000000.0,CREDIT,Credited to XXXXXX1792,100.0,Income,Income,2026-07,July,Monday,Weekday,Evening
2026-07-13,20:20:00,Received from Vipin,T2607132020312322186458,400000000000.0,CREDIT,Credited to XXXXXX1792,100.0,Income,Income,2026-07,July,Monday,Weekday,Evening
2026-07-13,14:13:00,Paid to Hotel Rangmahal,T2607131413038397947755,823000000000.0,DEBIT,Paid by XXXXXX1792,440.0,Expense,Shopping & Personal,2026-07,July,Monday,Weekday,Morning/Afternoon
2026-07-13,13:55:00,Received from Rahul,T2607131355143686809798,881000000000.0,CREDIT,Credited to XXXXXX1792,295.0,Income,Income,2026-07,July,Monday,Weekday,Morning/Afternoon
2026-07-13,13:54:00,Received from Adi Jr,T2607131354465072659972,426000000000.0,CREDIT,Credited to XXXXXX1792,150.0,Income,Income,2026-07,July,Monday,Weekday,Morning/Afternoon
2026-07-13,13:52:00,Paid to Rahul,T2607131352423641259810,543000000000.0,DEBIT,Paid by XXXXXX1792,91.0,Expense,Groceries & Essentials,2026-07,July,Monday,Weekday,Morning/Afternoon
2026-07-13,12:28:00,Paid to VARUN MOTWANI,T2607131228094737505845,848000000000.0,DEBIT,Paid by XXXXXX1792,120.0,Expense,Food & Dining,2026-07,July,Monday,Weekday,Morning/Afternoon
2026-07-13,12:08:00,Paid to OM PRAKASH,T2607131208003643853961,121000000000.0,DEBIT,Paid by XXXXXX1792,30.0,Expense,Food & Dining,2026-07,July,Monday,Weekday,Morning/Afternoon
2026-07-13,00:18:00,Paid to RAJWATI DEVI,T2607130018423104892335,31198390075.0,DEBIT,Paid by XXXXXX1792,86.0,Expense,Food & Dining,2026-07,July,Monday,Weekday,Night
2026-07-13,00:16:00,Paid to SAMPAT,T2607130015597311232222,431000000000.0,DEBIT,Paid by XXXXXX1792,150.0,Expense,Food & Dining,2026-07,July,Monday,Weekday,Night
2026-07-12,20:20:00,Paid to Rahul,T2607122020340099813412,526000000000.0,DEBIT,Paid by XXXXXX1792,100.0,Expense,Food & Dining,2026-07,July,Sunday,Weekend,Evening
2026-07-12,12:29:00,Paid to BABLU GOSWAMI,T2607121229399727844230,323000000000.0,DEBIT,Paid by XXXXXX1792,200.0,Expense,Food & Dining,2026-07,July,Sunday,Weekend,Morning/Afternoon
2026-07-12,12:29:00,Paid to BABLU GOSWAMI,T2607121229203039464450,421000000000.0,DEBIT,Paid by XXXXXX1792,96.0,Expense,Food & Dining,2026-07,July,Sunday,Weekend,Morning/Afternoon
2026-07-12,12:23:00,Paid to MAHAVEER PRASAD SHARMA,T2607121223561216718890,695000000000.0,DEBIT,Paid by XXXXXX1792,45.0,Expense,Food & Dining,2026-07,July,Sunday,Weekend,Morning/Afternoon
2026-07-12,12:08:00,Paid to Lada devi,T2607121208267218036862,775000000000.0,DEBIT,Paid by XXXXXX1792,15.0,Expense,Food & Dining,2026-07,July,Sunday,Weekend,Morning/Afternoon
2026-07-12,09:27:00,Paid to KUNAL SOYAL 2,T2607120927147728837950,134000000000.0,DEBIT,Paid by XXXXXX1792,35.0,Expense,Shopping & Personal,2026-07,July,Sunday,Weekend,Morning/Afternoon
2026-07-12,09:21:00,Paid to Sharma bhajnaly,T2607120921252368814770,886000000000.0,DEBIT,Paid by XXXXXX1792,50.0,Expense,Food & Dining,2026-07,July,Sunday,Weekend,Morning/Afternoon
2026-07-11,22:32:00,Received from PAPA,T2607112232257924653498,794000000000.0,CREDIT,Credited to XXXXXX1792,1000.0,Income,Income,2026-07,July,Saturday,Weekend,Night
2026-07-11,21:43:00,Paid to GANESH CHOLE BATURE,T2607112143436136718957,937000000000.0,DEBIT,Paid by XXXXXX1792,70.0,Expense,Food & Dining,2026-07,July,Saturday,Weekend,Evening
2026-07-11,21:43:00,Received from Shubham Mahawar,T2607112143031422630313,619000000000.0,CREDIT,Credited to XXXXXX1792,70.0,Income,Income,2026-07,July,Saturday,Weekend,Evening
2026-07-11,21:35:00,Paid to Shubham Mahawar,T2607112135117015286748,509000000000.0,DEBIT,Paid by XXXXXX1792,80.0,Expense,Food & Dining,2026-07,July,Saturday,Weekend,Evening
2026-07-11,20:46:00,Paid to Banarasi ,T2607112046312622806025,556000000000.0,DEBIT,Paid by XXXXXX1792,30.0,Expense,Food & Dining,2026-07,July,Saturday,Weekend,Evening
2026-07-11,20:38:00,Paid to Mr MOHAMMAD JUBER,T2607112038368767261042,892000000000.0,DEBIT,Paid by XXXXXX1792,50.0,Expense,Food & Dining,2026-07,July,Saturday,Weekend,Evening
2026-07-11,20:15:00,Paid to GAUTAM STATIONERS ,T2607112015310797819178,114000000000.0,DEBIT,Paid by XXXXXX1792,40.0,Expense,Food & Dining,2026-07,July,Saturday,Weekend,Evening
2026-07-11,20:07:00,Received from PAPA,T2607112007551784980157,747000000000.0,CREDIT,Credited to XXXXXX1792,200.0,Income,Income,2026-07,July,Saturday,Weekend,Evening
2026-07-08,19:44:00,Paid to Oye! Vada Paav ,T2607081944270713817663,699000000000.0,DEBIT,Paid by XXXXXX1792,50.0,Expense,Food & Dining,2026-07,July,Wednesday,Weekday,Evening
2026-07-08,19:34:00,Paid to Mr MOHAMMAD JUBER,T2607081934085453299089,278000000000.0,DEBIT,Paid by XXXXXX1792,65.0,Expense,Food & Dining,2026-07,July,Wednesday,Weekday,Evening
2026-07-07,19:44:00,Paid to Mr MOHAMMAD JUBER,T2607071944352520407615,623000000000.0,DEBIT,Paid by XXXXXX1792,70.0,Expense,Food & Dining,2026-07,July,Tuesday,Weekday,Evening
2026-07-07,19:05:00,Paid to RAMPAL SINGH,T2607071905508561636028,341000000000.0,DEBIT,Paid by XXXXXX1792,85.0,Expense,Shopping & Personal,2026-07,July,Tuesday,Weekday,Evening
2026-07-07,19:01:00,Paid to HARIOM TELICOM ,T2607071901003651742674,464000000000.0,DEBIT,Paid by XXXXXX1792,40.0,Expense,Food & Dining,2026-07,July,Tuesday,Weekday,Evening
2026-07-07,18:43:00,Paid to Bhatra bakery ,T2607071843188457256064,857000000000.0,DEBIT,Paid by XXXXXX1792,90.0,Expense,Food & Dining,2026-07,July,Tuesday,Weekday,Evening
2026-07-07,18:39:00,Paid to KRISHNA DUDH DAIRY ,T2607071839038979978254,280000000000.0,DEBIT,Paid by XXXXXX1792,35.0,Expense,Groceries & Essentials,2026-07,July,Tuesday,Weekday,Evening
2026-07-05,19:28:00,Paid to Naresh vegetable store ,T2607051928343387285871,310000000000.0,DEBIT,Paid by XXXXXX1792,190.0,Expense,Food & Dining,2026-07,July,Sunday,Weekend,Evening
2026-07-05,18:13:00,Paid to Mr MOHAMMAD JUBER,T2607051813518233771376,883000000000.0,DEBIT,Paid by XXXXXX1792,50.0,Expense,Food & Dining,2026-07,July,Sunday,Weekend,Evening
2026-07-05,13:52:00,Received from MEESHO TECHNOLOGIES PRIVATE LIMITED,T2607051352522695520671,619000000000.0,CREDIT,Credited to XXXXXX1792,215.0,Income,Income,2026-07,July,Sunday,Weekend,Morning/Afternoon
2026-07-03,20:25:00,Paid to Puneet ,T2607032025080386743700,375000000000.0,DEBIT,Paid by XXXXXX1792,5.0,Expense,Shopping & Personal,2026-07,July,Friday,Weekday,Evening
2026-07-03,20:21:00,Paid to S G Petroleums HPCL,T2607032021136521842712,563000000000.0,DEBIT,Paid by XXXXXX1792,100.0,Expense,Food & Dining,2026-07,July,Friday,Weekday,Evening
2026-07-03,20:16:00,Paid to Mr MOHAMMAD JUBER,T2607032016539634888766,774000000000.0,DEBIT,Paid by XXXXXX1792,50.0,Expense,Food & Dining,2026-07,July,Friday,Weekday,Evening
2026-07-03,19:49:00,Paid to LAXMI CHAND VEGETABLES,T2607031949382717204307,873000000000.0,DEBIT,Paid by XXXXXX1792,20.0,Expense,Food & Dining,2026-07,July,Friday,Weekday,Evening
2026-07-03,19:49:00,Paid to RAM PRASAD,T2607031949054859886411,669000000000.0,DEBIT,Paid by XXXXXX1792,20.0,Expense,Food & Dining,2026-07,July,Friday,Weekday,Evening
2026-07-03,19:40:00,Paid to INDIA MEAT SHOP BAKRA AND CHIKAN SHOP,T2607031940026658008744,253000000000.0,DEBIT,Paid by XXXXXX1792,320.0,Expense,Food & Dining,2026-07,July,Friday,Weekday,Evening
2026-07-03,19:27:00,Paid to GAUTAM STATIONERS ,T2607031927184421630451,76925664973.0,DEBIT,Paid by XXXXXX1792,30.0,Expense,Food & Dining,2026-07,July,Friday,Weekday,Evening
2026-07-03,19:02:00,Received from PAPA,T2607031902212493299521,932000000000.0,CREDIT,Credited to XXXXXX1792,500.0,Income,Income,2026-07,July,Friday,Weekday,Evening
2026-07-03,10:23:00,Paid to MEESHO TECHNOLOGIES PRIVATE LIMITED,T2607031023264075611978,308000000000.0,DEBIT,Paid by XXXXXX1792,215.0,Expense,Shopping & Personal,2026-07,July,Friday,Weekday,Morning/Afternoon
2026-07-03,07:42:00,Paid to Shubham Kumar Prajapat,T2607030742457465162075,347000000000.0,DEBIT,Paid by XXXXXX1792,15.0,Expense,Food & Dining,2026-07,July,Friday,Weekday,Night
2026-07-01,10:11:00,Received from PAPA,T2607011010577015876525,5263468396.0,CREDIT,Credited to XXXXXX1792,500.0,Income,Income,2026-07,July,Wednesday,Weekday,Morning/Afternoon
2026-06-29,21:18:00,Paid to Bhatra bakery ,T2606292118023765646401,703000000000.0,DEBIT,Paid by XXXXXX1792,41.0,Expense,Food & Dining,2026-06,June,Monday,Weekday,Evening
2026-06-29,21:15:00,Paid to MOHAMMAD MUSTAK,T2606292115150841128677,735000000000.0,DEBIT,Paid by XXXXXX1792,30.0,Expense,Food & Dining,2026-06,June,Monday,Weekday,Evening
2026-06-29,21:10:00,Paid to RAJENDRA NAGAR,T2606292110439423834963,201000000000.0,DEBIT,Paid by XXXXXX1792,20.0,Expense,Food & Dining,2026-06,June,Monday,Weekday,Evening
2026-06-29,21:09:00,Paid to Bhatra bakery ,T2606292109171206137587,808000000000.0,DEBIT,Paid by XXXXXX1792,35.0,Expense,Food & Dining,2026-06,June,Monday,Weekday,Evening
2026-06-29,21:00:00,Paid to Sharma Kishan sewa kendra,T2606292100561605714494,665000000000.0,DEBIT,Paid by XXXXXX1792,300.0,Expense,Food & Dining,2026-06,June,Monday,Weekday,Evening
2026-06-29,20:51:00,Received from PAPA,T2606292051012861474858,902000000000.0,CREDIT,Credited to XXXXXX1792,500.0,Income,Income,2026-06,June,Monday,Weekday,Evening
2026-06-28,21:07:00,Paid to Oye! Vada Paav ,T2606282107358080855500,494000000000.0,DEBIT,Paid by XXXXXX1792,80.0,Expense,Food & Dining,2026-06,June,Sunday,Weekend,Evening
2026-06-26,12:54:00,Paid to NARENDRA SEN,T2606261254325696697478,549000000000.0,DEBIT,Paid by XXXXXX1792,130.0,Expense,Food & Dining,2026-06,June,Friday,Weekday,Morning/Afternoon
2026-06-26,12:28:00,Paid to NARENDRA SEN,T2606261228145351962363,168000000000.0,DEBIT,Paid by XXXXXX1792,130.0,Expense,Food & Dining,2026-06,June,Friday,Weekday,Morning/Afternoon
2026-06-26,12:10:00,Paid to Shubham Kumar Prajapat,T2606261209589247300278,358000000000.0,DEBIT,Paid by XXXXXX1792,40.0,Expense,Food & Dining,2026-06,June,Friday,Weekday,Morning/Afternoon
2026-06-26,11:25:00,Received from PAPA,T2606261125223234489899,337000000000.0,CREDIT,Credited to XXXXXX1792,500.0,Income,Income,2026-06,June,Friday,Weekday,Morning/Afternoon
2026-06-25,21:04:00,Paid to KRISHNA DUDH DAIRY ,T2606252104449339856734,469000000000.0,DEBIT,Paid by XXXXXX1792,30.0,Expense,Food & Dining,2026-06,June,Thursday,Weekday,Evening
2026-06-25,20:46:00,Paid to CP PROVISION  STORE,T2606252046421253837483,327000000000.0,DEBIT,Paid by XXXXXX1792,3.0,Expense,Food & Dining,2026-06,June,Thursday,Weekday,Evening
2026-06-25,20:45:00,Paid to Mr MOHAMMAD JUBER,T2606252045063332456003,361000000000.0,DEBIT,Paid by XXXXXX1792,65.0,Expense,Food & Dining,2026-06,June,Thursday,Weekday,Evening
2026-06-25,20:20:00,Paid to HARI PRASAD SHARMA,T2606252020226131058742,81669614666.0,DEBIT,Paid by XXXXXX1792,210.0,Expense,Food & Dining,2026-06,June,Thursday,Weekday,Evening
2026-06-25,20:09:00,Paid to Shri Kanhaiya Kirana 2,T2606252009519365603400,869000000000.0,DEBIT,Paid by XXXXXX1792,100.0,Expense,Food & Dining,2026-06,June,Thursday,Weekday,Evening
2026-06-25,20:06:00,Paid to KRISHNA DUDH DAIRY ,T2606252006145902568918,528000000000.0,DEBIT,Paid by XXXXXX1792,150.0,Expense,Food & Dining,2026-06,June,Thursday,Weekday,Evening
2026-06-25,19:45:00,Paid to Bhatra bakery ,T2606251945546399854883,763000000000.0,DEBIT,Paid by XXXXXX1792,30.0,Expense,Food & Dining,2026-06,June,Thursday,Weekday,Evening
2026-06-25,19:38:00,Received from PAPA,T2606251938177877891435,216000000000.0,CREDIT,Credited to XXXXXX1792,500.0,Income,Income,2026-06,June,Thursday,Weekday,Evening
2026-06-24,20:58:00,Paid to CP PROVISION  STORE,T2606242058278817907091,511000000000.0,DEBIT,Paid by XXXXXX1792,4.0,Expense,Shopping & Personal,2026-06,June,Wednesday,Weekday,Evening
2026-06-24,20:56:00,Paid to Mr MOHAMMAD JUBER,T2606242056462482936294,729000000000.0,DEBIT,Paid by XXXXXX1792,65.0,Expense,Food & Dining,2026-06,June,Wednesday,Weekday,Evening
2026-06-24,20:40:00,Paid to Oye! Vada Paav ,T2606242040308974010777,337000000000.0,DEBIT,Paid by XXXXXX1792,5.0,Expense,Food & Dining,2026-06,June,Wednesday,Weekday,Evening
2026-06-24,20:40:00,Paid to Oye! Vada Paav ,T2606242040139239972040,813000000000.0,DEBIT,Paid by XXXXXX1792,40.0,Expense,Food & Dining,2026-06,June,Wednesday,Weekday,Evening
2026-06-24,20:12:00,Received from PAPA,T2606242012033525298259,352000000000.0,CREDIT,Credited to XXXXXX1792,200.0,Income,Income,2026-06,June,Wednesday,Weekday,Evening
2026-06-23,11:09:00,Paid to APNA PAAN WALA,T2606231109085307876860,393000000000.0,DEBIT,Paid by XXXXXX1792,40.0,Expense,Food & Dining,2026-06,June,Tuesday,Weekday,Morning/Afternoon
2026-06-23,10:48:00,Paid to PORWAL Namkeen And Restaurant,T2606231048280702116220,51361868323.0,DEBIT,Paid by XXXXXX1792,45.0,Expense,Food & Dining,2026-06,June,Tuesday,Weekday,Morning/Afternoon
2026-06-22,20:52:00,Paid to Rahul,T2606222051591529098213,503000000000.0,DEBIT,Paid by XXXXXX1792,40.0,Expense,Food & Dining,2026-06,June,Monday,Weekday,Evening
2026-06-22,18:18:00,Paid to Rahul,T2606221818167679751247,753000000000.0,DEBIT,Paid by XXXXXX1792,50.0,Expense,Food & Dining,2026-06,June,Monday,Weekday,Evening
2026-06-21,20:13:00,Paid to Mr MOHAMMAD JUBER,T2606212013553384369106,904000000000.0,DEBIT,Paid by XXXXXX1792,65.0,Expense,Food & Dining,2026-06,June,Sunday,Weekend,Evening
2026-06-21,19:23:00,Paid to INDIA MEAT SHOP BAKRA AND CHIKAN SHOP,T2606211923022403313457,89019427369.0,DEBIT,Paid by XXXXXX1792,200.0,Expense,Food & Dining,2026-06,June,Sunday,Weekend,Evening
2026-06-21,18:58:00,Received from PAPA,T2606211858469928915294,144000000000.0,CREDIT,Credited to XXXXXX1792,500.0,Income,Income,2026-06,June,Sunday,Weekend,Evening
2026-06-21,06:46:00,Paid to Rahul,T2606210646382219220848,252000000000.0,DEBIT,Paid by XXXXXX1792,4.0,Expense,Groceries & Essentials,2026-06,June,Sunday,Weekend,Night
2026-06-20,19:35:00,Paid to SAMPAT,T2606201935078448612865,623000000000.0,DEBIT,Paid by XXXXXX1792,40.0,Expense,Food & Dining,2026-06,June,Saturday,Weekend,Evening
2026-06-20,19:33:00,Received from Rahul,T2606201933103203554778,950000000000.0,CREDIT,Credited to XXXXXX1792,40.0,Income,Income,2026-06,June,Saturday,Weekend,Evening
2026-06-18,22:13:00,Paid to Shruti  Karikant,T2606182212581842035543,674000000000.0,DEBIT,Paid by XXXXXX1792,46.0,Expense,Shopping & Personal,2026-06,June,Thursday,Weekday,Night
2026-06-18,22:10:00,Paid to OLD TOWN CAFE,T2606182210490731252505,744000000000.0,DEBIT,Paid by XXXXXX1792,50.0,Expense,Food & Dining,2026-06,June,Thursday,Weekday,Night
2026-06-18,22:09:00,Received from sunilverma,T2606182209388016512915,211000000000.0,CREDIT,Credited to XXXXXX1792,100.0,Income,Income,2026-06,June,Thursday,Weekday,Night
2026-06-18,21:39:00,Paid to SUNIL  VERMA,T2606182139540642313141,471000000000.0,DEBIT,Paid by XXXXXX1792,150.0,Expense,Food & Dining,2026-06,June,Thursday,Weekday,Evening
2026-06-18,21:39:00,Received from Shubham Mahawar,T2606182139274057134951,617000000000.0,CREDIT,Credited to XXXXXX1792,150.0,Income,Income,2026-06,June,Thursday,Weekday,Evening
2026-06-18,21:02:00,Paid to Rahul,T2606182102144432242296,610000000000.0,DEBIT,Paid by XXXXXX1792,12.0,Expense,Food & Dining,2026-06,June,Thursday,Weekday,Evening
2026-06-18,18:33:00,Paid to SEEMA DEVI,T2606181832477680149340,185000000000.0,DEBIT,Paid by XXXXXX1792,20.0,Expense,Food & Dining,2026-06,June,Thursday,Weekday,Evening
2026-06-18,17:45:00,Paid to Rahul,T2606181745135762099679,486000000000.0,DEBIT,Paid by XXXXXX1792,70.0,Expense,Food & Dining,2026-06,June,Thursday,Weekday,Evening
2026-06-18,17:42:00,Paid to The lazy leaf,T2606181742103891779171,165000000000.0,DEBIT,Paid by XXXXXX1792,40.0,Expense,Food & Dining,2026-06,June,Thursday,Weekday,Evening
2026-06-18,15:56:00,Paid to DEEPK KUMAR,T2606181556315627092753,761000000000.0,DEBIT,Paid by XXXXXX1792,40.0,Expense,Food & Dining,2026-06,June,Thursday,Weekday,Afternoon
2026-06-18,15:38:00,Paid to Chaman Florist 2ND,T2606181538270853918919,78530632867.0,DEBIT,Paid by XXXXXX1792,200.0,Expense,Food & Dining,2026-06,June,Thursday,Weekday,Afternoon
2026-06-18,15:23:00,Paid to OLD TOWN CAFE,T2606181523187755445185,22056805598.0,DEBIT,Paid by XXXXXX1792,70.0,Expense,Food & Dining,2026-06,June,Thursday,Weekday,Afternoon
2026-06-18,09:53:00,Paid to Lada devi,T2606180953486061581225,68984383217.0,DEBIT,Paid by XXXXXX1792,25.0,Expense,Food & Dining,2026-06,June,Thursday,Weekday,Morning/Afternoon
2026-06-18,09:52:00,Paid to Saini tea stall,T2606180952427432484419,626000000000.0,DEBIT,Paid by XXXXXX1792,41.0,Expense,Shopping & Personal,2026-06,June,Thursday,Weekday,Morning/Afternoon
2026-06-17,21:23:00,Paid to RAJWATI DEVI,T2606172123492076966481,26808970247.0,DEBIT,Paid by XXXXXX1792,182.0,Expense,Food & Dining,2026-06,June,Wednesday,Weekday,Evening
2026-06-17,19:33:00,Paid to Karan Mohinani,T2606171933190421244750,585000000000.0,DEBIT,Paid by XXXXXX1792,300.0,Expense,Food & Dining,2026-06,June,Wednesday,Weekday,Evening
2026-06-17,17:10:00,Received from PAPA,T2606171710426601215029,339000000000.0,CREDIT,Credited to XXXXXX1792,1000.0,Income,Income,2026-06,June,Wednesday,Weekday,Evening
2026-06-17,02:39:00,Paid to RAJWATI DEVI,T2606170239187964977077,26341031562.0,DEBIT,Paid by XXXXXX1792,30.0,Expense,Food & Dining,2026-06,June,Wednesday,Weekday,Night
2026-06-17,02:38:00,Received from Rahul,T2606170238518387745926,869000000000.0,CREDIT,Credited to XXXXXX1792,30.0,Income,Income,2026-06,June,Wednesday,Weekday,Night
2026-06-16,22:24:00,Paid to RAJWATI DEVI,T2606162223565961559307,114000000000.0,DEBIT,Paid by XXXXXX1792,17.0,Expense,Food & Dining,2026-06,June,Tuesday,Weekday,Night
2026-06-16,20:55:00,Paid to RADHAKISHAN KHAROL,T2606162054577783664015,382000000000.0,DEBIT,Paid by XXXXXX1792,30.0,Expense,Food & Dining,2026-06,June,Tuesday,Weekday,Evening
2026-06-16,20:46:00,Paid to Jony pan palace 2,T2606162046145659687343,189000000000.0,DEBIT,Paid by XXXXXX1792,28.0,Expense,Shopping & Personal,2026-06,June,Tuesday,Weekday,Evening
2026-06-16,11:29:00,Received from BHANWAR LAL SAINI,T2606161129209486930076,308000000000.0,CREDIT,Credited to XXXXXX1792,192.0,Income,Income,2026-06,June,Tuesday,Weekday,Morning/Afternoon
2026-06-15,21:53:00,Paid to RAJWATI DEVI,T2606152153369248420698,522000000000.0,DEBIT,Paid by XXXXXX1792,140.0,Expense,Food & Dining,2026-06,June,Monday,Weekday,Evening
2026-06-15,21:48:00,Received from Rahul,T2606152148533860042788,529000000000.0,CREDIT,Credited to XXXXXX1792,22.0,Income,Income,2026-06,June,Monday,Weekday,Evening
2026-06-15,21:45:00,Paid to SAMPAT,T2606152145354745579488,944000000000.0,DEBIT,Paid by XXXXXX1792,130.0,Expense,Food & Dining,2026-06,June,Monday,Weekday,Evening
2026-06-15,21:43:00,Received from SUMAN BABU,T2606152143076657362031,448000000000.0,CREDIT,Credited to XXXXXX1792,250.0,Income,Income,2026-06,June,Monday,Weekday,Evening
2026-06-15,02:54:00,Paid to RAJWATI DEVI,T2606150254552213776805,883000000000.0,DEBIT,Paid by XXXXXX1792,16.0,Expense,Food & Dining,2026-06,June,Monday,Weekday,Night
2026-06-15,02:52:00,Received from Rahul,T2606150251565546934938,210000000000.0,CREDIT,Credited to XXXXXX1792,8.5,Income,Income,2026-06,June,Monday,Weekday,Night
2026-06-14,20:39:00,Paid to SAMPAT,T2606142039216724648513,343000000000.0,DEBIT,Paid by XXXXXX1792,60.0,Expense,Food & Dining,2026-06,June,Sunday,Weekend,Evening
2026-06-14,20:38:00,Received from Rahul,T2606142038515689741583,12574559871.0,CREDIT,Credited to XXXXXX1792,60.0,Income,Income,2026-06,June,Sunday,Weekend,Evening
2026-06-13,22:05:00,Paid to SAMPAT,T2606132205411877744161,398000000000.0,DEBIT,Paid by XXXXXX1792,40.0,Expense,Food & Dining,2026-06,June,Saturday,Weekend,Night
2026-06-13,22:05:00,Received from Rahul,T2606132205260046633511,433000000000.0,CREDIT,Credited to XXXXXX1792,40.0,Income,Income,2026-06,June,Saturday,Weekend,Night
2026-06-13,00:16:00,Paid to SAMPAT,T2606130015573669777218,274000000000.0,DEBIT,Paid by XXXXXX1792,40.0,Expense,Food & Dining,2026-06,June,Saturday,Weekend,Night
2026-06-12,23:32:00,Paid to RAJWATI DEVI,T2606122332427535663208,194000000000.0,DEBIT,Paid by XXXXXX1792,84.0,Expense,Food & Dining,2026-06,June,Friday,Weekday,Night
2026-06-12,23:27:00,Received from Rahul,T2606122327380504295358,485000000000.0,CREDIT,Credited to XXXXXX1792,100.0,Income,Income,2026-06,June,Friday,Weekday,Night
2026-06-12,18:15:00,Paid to MITHLESH DEVI,T2606121815049160234033,22363672562.0,DEBIT,Paid by XXXXXX1792,90.0,Expense,Food & Dining,2026-06,June,Friday,Weekday,Evening
2026-06-12,02:42:00,Paid to RAJWATI DEVI,T2606120242117239653845,717000000000.0,DEBIT,Paid by XXXXXX1792,22.0,Expense,Food & Dining,2026-06,June,Friday,Weekday,Night
2026-06-11,20:47:00,Paid to Panditji Tea Stall,T2606112047509050591333,68363313748.0,DEBIT,Paid by XXXXXX1792,15.0,Expense,Food & Dining,2026-06,June,Thursday,Weekday,Evening
2026-06-10,20:09:00,Paid to Vipin,T2606102009463953535034,112000000000.0,DEBIT,Paid by XXXXXX1792,70.0,Expense,Food & Dining,2026-06,June,Wednesday,Weekday,Evening
2026-06-10,07:20:00,Paid to Rahul,T2606100720502260667966,799000000000.0,DEBIT,Paid by XXXXXX1792,200.0,Expense,Food & Dining,2026-06,June,Wednesday,Weekday,Night
2026-06-10,06:14:00,Paid to MITHLESH DEVI,T2606100614424149495601,907000000000.0,DEBIT,Paid by XXXXXX1792,70.0,Expense,Food & Dining,2026-06,June,Wednesday,Weekday,Night
2026-06-10,06:07:00,Paid to Rahul,T2606100607157016154060,205000000000.0,DEBIT,Paid by XXXXXX1792,400.0,Expense,Groceries & Essentials,2026-06,June,Wednesday,Weekday,Night
2026-06-10,01:14:00,Paid to RAJWATI DEVI,T2606100114264188247655,516000000000.0,DEBIT,Paid by XXXXXX1792,70.0,Expense,Food & Dining,2026-06,June,Wednesday,Weekday,Night
2026-06-09,22:07:00,Paid to RINTU KONAI,T2606092207344969780313,731000000000.0,DEBIT,Paid by XXXXXX1792,90.0,Expense,Food & Dining,2026-06,June,Tuesday,Weekday,Night
2026-06-09,21:43:00,Paid to ABHAY SHARMA ,T2606092143348456977495,42689686962.0,DEBIT,Paid by XXXXXX1792,100.0,Expense,Food & Dining,2026-06,June,Tuesday,Weekday,Evening
2026-06-09,20:56:00,Paid to Rakesh Gurjar,T2606092056315283804783,252000000000.0,DEBIT,Paid by XXXXXX1792,40.0,Expense,Food & Dining,2026-06,June,Tuesday,Weekday,Evening
2026-06-09,11:55:00,Paid to Vipin,T2606091155204774527554,983000000000.0,DEBIT,Paid by XXXXXX1792,50.0,Expense,Food & Dining,2026-06,June,Tuesday,Weekday,Morning/Afternoon
2026-06-08,20:50:00,Paid to RAJWATI DEVI,T2606082050457887624074,322000000000.0,DEBIT,Paid by XXXXXX1792,56.0,Expense,Food & Dining,2026-06,June,Monday,Weekday,Evening
2026-06-08,20:21:00,Paid to Jeetu Jr,T2606082021330340316341,307000000000.0,DEBIT,Paid by XXXXXX1792,500.0,Expense,Food & Dining,2026-06,June,Monday,Weekday,Evening
2026-06-08,20:21:00,Received from Mr JITENDRA  KUMAR,T2606082021026931833101,616000000000.0,CREDIT,Credited to XXXXXX1792,500.0,Income,Income,2026-06,June,Monday,Weekday,Evening
2026-06-08,20:09:00,Paid to RAJWATI DEVI,T2606082009481310997713,48661058670.0,DEBIT,Paid by XXXXXX1792,28.0,Expense,Food & Dining,2026-06,June,Monday,Weekday,Evening
2026-06-07,22:46:00,Paid to RAMJAN MOHAMMAD SO BABU KHAN,T2606072246385040241308,460000000000.0,DEBIT,Paid by XXXXXX1792,97.0,Expense,Shopping & Personal,2026-06,June,Sunday,Weekend,Night
2026-06-07,22:41:00,Paid to ABHAY SHARMA ,T2606072241014984835745,436000000000.0,DEBIT,Paid by XXXXXX1792,45.0,Expense,Food & Dining,2026-06,June,Sunday,Weekend,Night
2026-06-07,22:05:00,Paid to Lada devi,T2606072205070395654720,328000000000.0,DEBIT,Paid by XXXXXX1792,25.0,Expense,Food & Dining,2026-06,June,Sunday,Weekend,Night
2026-06-07,16:50:00,Received from PAPA,T2606071650480191967317,417000000000.0,CREDIT,Credited to XXXXXX1792,1500.0,Income,Income,2026-06,June,Sunday,Weekend,Afternoon
2026-06-06,18:31:00,Paid to Mr MOHAMMAD JUBER,T2606061831217900539467,196000000000.0,DEBIT,Paid by XXXXXX1792,50.0,Expense,Food & Dining,2026-06,June,Saturday,Weekend,Evening
2026-06-04,21:00:00,Paid to KOTA ZILA SAHKARI UPBHOKTA WHOLESALE BHANDAR LIMITED,T2606042100514246058655,123000000000.0,DEBIT,Paid by XXXXXX1792,105.0,Expense,Food & Dining,2026-06,June,Thursday,Weekday,Evening
2026-06-04,20:55:00,Paid to Mr MOHAMMAD JUBER,T2606042055446092636645,682000000000.0,DEBIT,Paid by XXXXXX1792,35.0,Expense,Food & Dining,2026-06,June,Thursday,Weekday,Evening
2026-06-04,20:47:00,Paid to Oye! Vada Paav ,T2606042047193826728498,859000000000.0,DEBIT,Paid by XXXXXX1792,80.0,Expense,Food & Dining,2026-06,June,Thursday,Weekday,Evening
2026-06-04,20:24:00,Paid to Mr MOHAMMAD JUBER,T2606042024142734750722,265000000000.0,DEBIT,Paid by XXXXXX1792,70.0,Expense,Food & Dining,2026-06,June,Thursday,Weekday,Evening
2026-06-04,20:01:00,Paid to RAJA SELECTIONS,T2606042001262071829879,553000000000.0,DEBIT,Paid by XXXXXX1792,100.0,Expense,Food & Dining,2026-06,June,Thursday,Weekday,Evening
2026-06-04,19:53:00,Paid to BANDARI SPORTS AND STATIONARY ,T2606041953193057128740,802000000000.0,DEBIT,Paid by XXXXXX1792,20.0,Expense,Food & Dining,2026-06,June,Thursday,Weekday,Evening
2026-06-04,19:41:00,Paid to VEER CHAT CENTRE ,T2606041941094521524828,576000000000.0,DEBIT,Paid by XXXXXX1792,40.0,Expense,Food & Dining,2026-06,June,Thursday,Weekday,Evening
2026-06-04,18:34:00,Received from PAPA,T2606041834124797194554,541000000000.0,CREDIT,Credited to XXXXXX1792,500.0,Income,Income,2026-06,June,Thursday,Weekday,Evening
2026-06-03,18:41:00,Paid to Oye! Vada Paav ,T2606031841146143575021,899000000000.0,DEBIT,Paid by XXXXXX1792,50.0,Expense,Food & Dining,2026-06,June,Wednesday,Weekday,Evening
2026-06-03,18:22:00,Paid to Sigdi dosa plaza8,T2606031822354631642348,637000000000.0,DEBIT,Paid by XXXXXX1792,250.0,Expense,Food & Dining,2026-06,June,Wednesday,Weekday,Evening
2026-06-03,18:22:00,Received from PAPA,T2606031822056312052776,39596190185.0,CREDIT,Credited to XXXXXX1792,300.0,Income,Income,2026-06,June,Wednesday,Weekday,Evening
2026-06-03,13:45:00,Paid to ADITYA KUMAR SHARMA,T2606031345496601901326,602000000000.0,DEBIT,Paid by XXXXXX1792,50.0,Expense,Food & Dining,2026-06,June,Wednesday,Weekday,Morning/Afternoon
2026-06-03,13:29:00,Paid to Rahul,T2606031329362243357806,797000000000.0,DEBIT,Paid by XXXXXX1792,40.0,Expense,Food & Dining,2026-06,June,Wednesday,Weekday,Morning/Afternoon
2026-06-03,13:23:00,Received from Shubham Mahawar,T2606031323442486847567,652000000000.0,CREDIT,Credited to XXXXXX1792,90.0,Income,Income,2026-06,June,Wednesday,Weekday,Morning/Afternoon
2026-06-02,20:57:00,Paid to Rahul,T2606022057438729884227,405000000000.0,DEBIT,Paid by XXXXXX1792,30.0,Expense,Food & Dining,2026-06,June,Tuesday,Weekday,Evening
2026-06-02,19:05:00,Paid to Zepto Marketplace Private Limi,T2606021905032336949896,800000000000.0,DEBIT,Paid by XXXXXX1792,145.0,Expense,Shopping & Personal,2026-06,June,Tuesday,Weekday,Evening
2026-06-02,00:49:00,Paid to Challa Raju Sir,T2606020049403586296158,920000000000.0,DEBIT,Paid by XXXXXX1792,300.0,Expense,Transfers & Other,2026-06,June,Tuesday,Weekday,Night
2026-06-01,21:18:00,Received from VEEKESH SAINI,T2606012118452715634923,652000000000.0,CREDIT,Credited to XXXXXX1792,300.0,Income,Income,2026-06,June,Monday,Weekday,Evening
2026-06-01,21:14:00,Paid to Neetu Moolani,T2606012114144499522349,43150874618.0,DEBIT,Paid by XXXXXX1792,35.0,Expense,Shopping & Personal,2026-06,June,Monday,Weekday,Evening
2026-06-01,21:04:00,Received from Vipin,T2606012104454641401704,912000000000.0,CREDIT,Credited to XXXXXX1792,35.0,Income,Income,2026-06,June,Monday,Weekday,Evening
2026-05-31,22:14:00,Received from VEEKESH SAINI,T2605312214251993059389,652000000000.0,CREDIT,Credited to XXXXXX1792,160.0,Income,Income,2026-05,May,Sunday,Weekend,Night
2026-05-27,14:21:00,Paid to RAMJI LAL,T2605271420579677238242,530000000000.0,DEBIT,Paid by XXXXXX1792,50.0,Expense,Food & Dining,2026-05,May,Wednesday,Weekday,Morning/Afternoon
2026-05-27,14:06:00,Received from RAHUL KHIMARAM CHOUDHARY,T2605271406461726048337,651000000000.0,CREDIT,Credited to XXXXXX1792,200.0,Income,Income,2026-05,May,Wednesday,Weekday,Morning/Afternoon
2026-05-26,13:31:00,Paid to Rahul,T2605261331543832299795,792000000000.0,DEBIT,Paid by XXXXXX1792,143.0,Expense,Groceries & Essentials,2026-05,May,Tuesday,Weekday,Morning/Afternoon
2026-05-26,12:52:00,Paid to RUSTAM KHAN SO HANISH KHAN,T2605261252536975337361,559000000000.0,DEBIT,Paid by XXXXXX1792,80.0,Expense,Food & Dining,2026-05,May,Tuesday,Weekday,Morning/Afternoon
2026-05-26,12:42:00,Paid to Kanak traders ,T2605261242494095004736,430000000000.0,DEBIT,Paid by XXXXXX1792,65.0,Expense,Shopping & Personal,2026-05,May,Tuesday,Weekday,Morning/Afternoon
2026-05-26,12:42:00,Paid to DEEPANSHU RAMANI,T2605261242231331980464,130000000000.0,DEBIT,Paid by XXXXXX1792,12.0,Expense,Food & Dining,2026-05,May,Tuesday,Weekday,Morning/Afternoon
2026-05-26,12:26:00,Received from Rahul,T2605261226116913283080,451000000000.0,CREDIT,Credited to XXXXXX1792,300.0,Income,Income,2026-05,May,Tuesday,Weekday,Morning/Afternoon
2026-05-26,11:42:00,Paid to VED PRAKASH,T2605261142443301654620,764000000000.0,DEBIT,Paid by XXXXXX1792,160.0,Expense,Food & Dining,2026-05,May,Tuesday,Weekday,Morning/Afternoon
2026-05-26,11:42:00,Received from Rahul,T2605261142295314208386,570000000000.0,CREDIT,Credited to XXXXXX1792,3.0,Income,Income,2026-05,May,Tuesday,Weekday,Morning/Afternoon
2026-05-26,11:24:00,Paid to RAKESH KUMAR PRAJAPAT,T2605261124011479930638,58245459113.0,DEBIT,Paid by XXXXXX1792,70.0,Expense,Food & Dining,2026-05,May,Tuesday,Weekday,Morning/Afternoon
2026-05-26,10:01:00,Paid to Varun,T2605261001410910933510,590000000000.0,DEBIT,Paid by XXXXXX1792,50.0,Expense,Food & Dining,2026-05,May,Tuesday,Weekday,Morning/Afternoon
2026-05-25,02:27:00,Paid to MANISH KUMAR MAHAWAR,T2605250226596188864687,39346399810.0,DEBIT,Paid by XXXXXX1792,90.0,Expense,Food & Dining,2026-05,May,Monday,Weekday,Night
2026-05-24,22:39:00,Paid to Abhishek  Meena,T2605242239335936527247,305000000000.0,DEBIT,Paid by XXXXXX1792,110.0,Expense,Food & Dining,2026-05,May,Sunday,Weekend,Night
2026-05-24,22:17:00,Paid to Lada devi,T2605242217305927992549,50665813357.0,DEBIT,Paid by XXXXXX1792,15.0,Expense,Food & Dining,2026-05,May,Sunday,Weekend,Night
2026-05-24,22:07:00,Paid to Lada devi,T2605242207010574156422,555000000000.0,DEBIT,Paid by XXXXXX1792,25.0,Expense,Food & Dining,2026-05,May,Sunday,Weekend,Night
2026-05-24,17:18:00,Paid to ABDUL VAJID,T2605241718078914356909,640000000000.0,DEBIT,Paid by XXXXXX1792,50.0,Expense,Food & Dining,2026-05,May,Sunday,Weekend,Evening
2026-05-24,16:06:00,Received from PAPA,T2605241606440003106572,308000000000.0,CREDIT,Credited to XXXXXX1792,1500.0,Income,Income,2026-05,May,Sunday,Weekend,Afternoon
2026-05-23,20:15:00,Paid to VEDIC FAMILY GROCERS,T2605232015392594495942,671000000000.0,DEBIT,Paid by XXXXXX1792,220.0,Expense,Food & Dining,2026-05,May,Saturday,Weekend,Evening
2026-05-23,20:03:00,Paid to RAJA SELECTIONS,T2605232003444942301397,666000000000.0,DEBIT,Paid by XXXXXX1792,100.0,Expense,Food & Dining,2026-05,May,Saturday,Weekend,Evening
2026-05-23,19:38:00,Paid to HEMANT SHARMA,T2605231938288043751015,543000000000.0,DEBIT,Paid by XXXXXX1792,310.0,Expense,Food & Dining,2026-05,May,Saturday,Weekend,Evening
2026-05-22,14:25:00,Paid to APNI BAITHAK CHAI WALA,T2605221425507453575361,47346638981.0,DEBIT,Paid by XXXXXX1792,21.0,Expense,Food & Dining,2026-05,May,Friday,Weekday,Morning/Afternoon
2026-05-22,14:14:00,Paid to APNI BAITHAK CHAI WALA,T2605221414187792871278,184000000000.0,DEBIT,Paid by XXXXXX1792,20.0,Expense,Food & Dining,2026-05,May,Friday,Weekday,Morning/Afternoon
2026-05-22,14:13:00,Paid to Three Star Makeover Hair salon,T2605221413032372150822,423000000000.0,DEBIT,Paid by XXXXXX1792,150.0,Expense,Food & Dining,2026-05,May,Friday,Weekday,Morning/Afternoon
2026-05-21,21:41:00,Paid to Arti Verma,T2605212141268972410064,51350473051.0,DEBIT,Paid by XXXXXX1792,15.0,Expense,Food & Dining,2026-05,May,Thursday,Weekday,Evening
2026-05-21,21:30:00,Received from BRIJ  MOHAN,T2605212130004983620557,614000000000.0,CREDIT,Credited to XXXXXX1792,1000.0,Income,Income,2026-05,May,Thursday,Weekday,Evening
2026-05-20,13:36:00,Paid to RAHUL .,T2605201336305563221731,47918696146.0,DEBIT,Paid by XXXXXX1792,3.0,Expense,Food & Dining,2026-05,May,Wednesday,Weekday,Morning/Afternoon
2026-05-19,18:07:00,Paid to Bhanwar Singh rothore,T2605191807247787143986,227000000000.0,DEBIT,Paid by XXXXXX1792,40.0,Expense,Food & Dining,2026-05,May,Tuesday,Weekday,Evening
2026-05-19,18:06:00,Received from Rahul,T2605191805575206949905,16009958462.0,CREDIT,Credited to XXXXXX1792,28.0,Income,Income,2026-05,May,Tuesday,Weekday,Evening
2026-05-18,20:28:00,Paid to GOPAL SINGH MEENA,T2605182028409257445219,774000000000.0,DEBIT,Paid by XXXXXX1792,39.0,Expense,Food & Dining,2026-05,May,Monday,Weekday,Evening
2026-05-18,20:27:00,Received from VARUN,T2605182027472389220574,614000000000.0,CREDIT,Credited to XXXXXX1792,50.0,Income,Income,2026-05,May,Monday,Weekday,Evening
2026-05-18,18:22:00,Paid to SARAS PARLOUR MNIT,T2605181822203385261631,282000000000.0,DEBIT,Paid by XXXXXX1792,28.0,Expense,Shopping & Personal,2026-05,May,Monday,Weekday,Evening
2026-05-18,18:04:00,Paid to GANESH,T2605181804312808524900,65983007075.0,DEBIT,Paid by XXXXXX1792,30.0,Expense,Food & Dining,2026-05,May,Monday,Weekday,Evening
2026-05-17,18:33:00,Paid to LALTLINPUII,T2605171833372181450651,412000000000.0,DEBIT,Paid by XXXXXX1792,150.0,Expense,Food & Dining,2026-05,May,Sunday,Weekend,Evening
2026-05-17,18:29:00,Received from Rahul,T2605171828579413907037,96258234538.0,CREDIT,Credited to XXXXXX1792,150.0,Income,Income,2026-05,May,Sunday,Weekend,Evening
2026-05-17,12:26:00,Paid to Zepto Marketplace Private Limi,T2605171226026619684225,364000000000.0,DEBIT,Paid by XXXXXX1792,163.0,Expense,Shopping & Personal,2026-05,May,Sunday,Weekend,Morning/Afternoon
2026-05-17,12:22:00,Received from Rahul,T2605171222164753393174,308000000000.0,CREDIT,Credited to XXXXXX1792,7.0,Income,Income,2026-05,May,Sunday,Weekend,Morning/Afternoon
2026-05-17,12:22:00,Received from Rahul,T2605171222010932818423,740000000000.0,CREDIT,Credited to XXXXXX1792,163.0,Income,Income,2026-05,May,Sunday,Weekend,Morning/Afternoon
2026-05-16,18:39:00,Paid to SHREE GOPAL KITCHEN WARES,T2605161837434949186859,759000000000.0,DEBIT,Paid by XXXXXX1792,100.0,Expense,Food & Dining,2026-05,May,Saturday,Weekend,Evening
2026-05-16,18:38:00,Received from Aman,T2605161837487217722392,285000000000.0,CREDIT,Credited to XXXXXX1792,100.0,Income,Income,2026-05,May,Saturday,Weekend,Evening
2026-05-16,18:30:00,Paid to MS RAJENDRA SINGH,T2605161828070832786267,138000000000.0,DEBIT,Paid by XXXXXX1792,400.0,Expense,Food & Dining,2026-05,May,Saturday,Weekend,Evening
2026-05-16,18:30:00,Received from Aman,T2605161829460889977236,268000000000.0,CREDIT,Credited to XXXXXX1792,400.0,Income,Income,2026-05,May,Saturday,Weekend,Evening
2026-05-16,18:09:00,Paid to Lata sweets,T2605161809382060159321,520000000000.0,DEBIT,Paid by XXXXXX1792,250.0,Expense,Food & Dining,2026-05,May,Saturday,Weekend,Evening
2026-05-16,18:09:00,Received from Aman,T2605161809241763729370,105000000000.0,CREDIT,Credited to XXXXXX1792,250.0,Income,Income,2026-05,May,Saturday,Weekend,Evening
2026-05-16,18:06:00,Paid to Trilok Saini,T2605161806066279940635,855000000000.0,DEBIT,Paid by XXXXXX1792,250.0,Expense,Food & Dining,2026-05,May,Saturday,Weekend,Evening
2026-05-16,18:06:00,Received from Aman,T2605161805565666112010,979000000000.0,CREDIT,Credited to XXXXXX1792,250.0,Income,Income,2026-05,May,Saturday,Weekend,Evening
2026-05-16,16:50:00,Paid to Rattiram,T2605161650279969977739,675000000000.0,DEBIT,Paid by XXXXXX1792,40.0,Expense,Food & Dining,2026-05,May,Saturday,Weekend,Afternoon
2026-05-16,16:30:00,Paid to RAVI AND SONS,T2605161630351167967456,970000000000.0,DEBIT,Paid by XXXXXX1792,90.0,Expense,Food & Dining,2026-05,May,Saturday,Weekend,Afternoon
2026-05-16,15:00:00,Paid to SACHIN  KUMAR,T2605161500286731479591,534000000000.0,DEBIT,Paid by XXXXXX1792,2100.0,Expense,Groceries & Essentials,2026-05,May,Saturday,Weekend,Afternoon
2026-05-16,13:07:00,Paid to PAWAN VIJAY,T2605161306566117787735,755000000000.0,DEBIT,Paid by XXXXXX1792,220.0,Expense,Food & Dining,2026-05,May,Saturday,Weekend,Morning/Afternoon
2026-05-16,12:16:00,Received from Aman,T2605161215585472214560,395000000000.0,CREDIT,Credited to XXXXXX1792,200.0,Income,Income,2026-05,May,Saturday,Weekend,Morning/Afternoon
2026-05-16,12:10:00,Paid to Ajit service station,T2605161210374210077218,850000000000.0,DEBIT,Paid by XXXXXX1792,200.0,Expense,Food & Dining,2026-05,May,Saturday,Weekend,Morning/Afternoon
2026-05-16,11:50:00,Received from PAPA,T2605161150391534795654,818000000000.0,CREDIT,Credited to XXXXXX1792,2500.0,Income,Income,2026-05,May,Saturday,Weekend,Morning/Afternoon
2026-05-16,11:28:00,Paid to GANESH,T2605161128531153391600,939000000000.0,DEBIT,Paid by XXXXXX1792,40.0,Expense,Food & Dining,2026-05,May,Saturday,Weekend,Morning/Afternoon
2026-05-16,11:28:00,Received from Aman,T2605161128168404186673,74351291118.0,CREDIT,Credited to XXXXXX1792,40.0,Income,Income,2026-05,May,Saturday,Weekend,Morning/Afternoon
2026-05-15,23:19:00,Paid to ROOP SAGAR FOODWORKS AND TECHNOLOGIES DL,T2605152319245538933905,955000000000.0,DEBIT,Paid by XXXXXX1792,136.44,Expense,Shopping & Personal,2026-05,May,Friday,Weekday,Night
2026-05-15,23:19:00,Received from NISHANT GAUTAM,T2605152319172078265398,306000000000.0,CREDIT,Credited to XXXXXX1792,10.0,Income,Income,2026-05,May,Friday,Weekday,Night
2026-05-15,21:04:00,Paid to Zepto,T2605152104540713690389,841000000000.0,DEBIT,Paid by XXXXXX1792,150.0,Expense,Food & Dining,2026-05,May,Friday,Weekday,Evening
2026-05-15,19:29:00,Paid to GANESH,T2605151929438061438824,419000000000.0,DEBIT,Paid by XXXXXX1792,40.0,Expense,Food & Dining,2026-05,May,Friday,Weekday,Evening
2026-05-15,19:03:00,Paid to NAVEEN KUMAR NIBHWANI,T2605151903370887382208,284000000000.0,DEBIT,Paid by XXXXXX1792,75.0,Expense,Food & Dining,2026-05,May,Friday,Weekday,Evening
2026-05-15,18:48:00,Paid to Karan Mohinani,T2605151848383512807386,10938945548.0,DEBIT,Paid by XXXXXX1792,600.0,Expense,Food & Dining,2026-05,May,Friday,Weekday,Evening
2026-05-15,18:48:00,Received from Aman,T2605151848141936434966,913000000000.0,CREDIT,Credited to XXXXXX1792,600.0,Income,Income,2026-05,May,Friday,Weekday,Evening
2026-05-15,18:44:00,Paid to Karan Mohinani,T2605151844394514297325,94402543352.0,DEBIT,Paid by XXXXXX1792,2250.0,Expense,Food & Dining,2026-05,May,Friday,Weekday,Evening
2026-05-15,18:36:00,Received from Aman,T2605151836154363492407,305000000000.0,CREDIT,Credited to XXXXXX1792,2250.0,Income,Income,2026-05,May,Friday,Weekday,Evening
2026-05-15,17:41:00,Paid to kapoor Chand ji saafe wale,T2605151741280304795410,13226614604.0,DEBIT,Paid by XXXXXX1792,1625.0,Expense,Food & Dining,2026-05,May,Friday,Weekday,Evening
2026-05-15,17:40:00,Received from Aman,T2605151740019917194696,361000000000.0,CREDIT,Credited to XXXXXX1792,1600.0,Income,Income,2026-05,May,Friday,Weekday,Evening
2026-05-15,17:14:00,Paid to Rijwan,T2605151714012101484597,588000000000.0,DEBIT,Paid by XXXXXX1792,20.0,Expense,Food & Dining,2026-05,May,Friday,Weekday,Evening
2026-05-15,16:28:00,Paid to Rattiram,T2605151628525889235037,641000000000.0,DEBIT,Paid by XXXXXX1792,80.0,Expense,Food & Dining,2026-05,May,Friday,Weekday,Afternoon
2026-05-15,16:16:00,Paid to Shree Radhe Chai,T2605151616553923269224,321000000000.0,DEBIT,Paid by XXXXXX1792,30.0,Expense,Food & Dining,2026-05,May,Friday,Weekday,Afternoon
2026-05-15,16:14:00,Paid to NAVEEN KUMAR NIBHWANI,T2605151613586719016674,338000000000.0,DEBIT,Paid by XXXXXX1792,75.0,Expense,Food & Dining,2026-05,May,Friday,Weekday,Afternoon
2026-05-15,16:10:00,Paid to VIKRAM SINGH,T2605151610460686222751,946000000000.0,DEBIT,Paid by XXXXXX1792,1385.0,Expense,Groceries & Essentials,2026-05,May,Friday,Weekday,Afternoon
2026-05-15,16:10:00,Received from Aman,T2605151610053439604138,791000000000.0,CREDIT,Credited to XXXXXX1792,2000.0,Income,Income,2026-05,May,Friday,Weekday,Afternoon
2026-05-14,21:32:00,Paid to NIBS CAFE GOPALBARI,T2605142132254368791429,471000000000.0,DEBIT,Paid by XXXXXX1792,428.0,Expense,Shopping & Personal,2026-05,May,Thursday,Weekday,Evening
2026-05-14,21:32:00,Received from Rahul,T2605142131415102773960,979000000000.0,CREDIT,Credited to XXXXXX1792,50.0,Income,Income,2026-05,May,Thursday,Weekday,Evening
2026-05-14,19:47:00,Paid to Nihal Suman,T2605141947042433729995,307000000000.0,DEBIT,Paid by XXXXXX1792,332.0,Expense,Shopping & Personal,2026-05,May,Thursday,Weekday,Evening
2026-05-14,19:41:00,Received from Rahul,T2605141941420782450064,5980011558.0,CREDIT,Credited to XXXXXX1792,350.0,Income,Income,2026-05,May,Thursday,Weekday,Evening
2026-05-14,17:32:00,Received from MOHIT MAHAVAR,T2605141732565749532578,613000000000.0,CREDIT,Credited to XXXXXX1792,200.0,Income,Income,2026-05,May,Thursday,Weekday,Evening
2026-05-14,16:02:00,Paid to PAWAN VIJAY,T2605141602107554056790,285000000000.0,DEBIT,Paid by XXXXXX1792,25.0,Expense,Shopping & Personal,2026-05,May,Thursday,Weekday,Afternoon
2026-05-14,14:19:00,Received from Shubham Mahawar,T2605141419101147628052,613000000000.0,CREDIT,Credited to XXXXXX1792,200.0,Income,Income,2026-05,May,Thursday,Weekday,Morning/Afternoon
2026-05-13,16:01:00,Paid to RAHUL .,T2605131601298699777877,807000000000.0,DEBIT,Paid by XXXXXX1792,188.0,Expense,Shopping & Personal,2026-05,May,Wednesday,Weekday,Afternoon
2026-05-13,15:55:00,Paid to NAVEEN KUMAR NIBHWANI,T2605131555080701324418,351000000000.0,DEBIT,Paid by XXXXXX1792,13.0,Expense,Shopping & Personal,2026-05,May,Wednesday,Weekday,Afternoon
2026-05-13,14:32:00,Paid to PAWAN VIJAY,T2605131432152263962195,271000000000.0,DEBIT,Paid by XXXXXX1792,618.0,Expense,Shopping & Personal,2026-05,May,Wednesday,Weekday,Morning/Afternoon
2026-05-13,14:32:00,Received from Rahul,T2605131432061762312856,135000000000.0,CREDIT,Credited to XXXXXX1792,818.0,Income,Income,2026-05,May,Wednesday,Weekday,Morning/Afternoon
2026-05-12,16:05:00,Paid to Panditji Tea Stall,T2605121605163141904603,89988114841.0,DEBIT,Paid by XXXXXX1792,30.0,Expense,Food & Dining,2026-05,May,Tuesday,Weekday,Afternoon
2026-05-12,16:03:00,Received from Aman,T2605121603505147127026,505000000000.0,CREDIT,Credited to XXXXXX1792,15.0,Income,Income,2026-05,May,Tuesday,Weekday,Afternoon
2026-05-12,01:54:00,Paid to Aman,T2605120154177097902470,28327591659.0,DEBIT,Paid by XXXXXX1792,15.0,Expense,Food & Dining,2026-05,May,Tuesday,Weekday,Night
2026-05-12,01:37:00,Received from Aman,T2605120136578067569620,891000000000.0,CREDIT,Credited to XXXXXX1792,30.0,Income,Income,2026-05,May,Tuesday,Weekday,Night
2026-05-11,14:38:00,Paid to Zepto Marketplace Private Limi,T2605111438150656404952,463000000000.0,DEBIT,Paid by XXXXXX1792,66.0,Expense,Food & Dining,2026-05,May,Monday,Weekday,Morning/Afternoon
2026-05-11,14:37:00,Received from Rahul,T2605111437548198754210,826000000000.0,CREDIT,Credited to XXXXXX1792,23.0,Income,Income,2026-05,May,Monday,Weekday,Morning/Afternoon
2026-05-11,14:32:00,Received from Rahul,T2605111432248453740462,647000000000.0,CREDIT,Credited to XXXXXX1792,20.0,Income,Income,2026-05,May,Monday,Weekday,Morning/Afternoon
2026-05-11,11:45:00,Paid to Om Poha Dalmoth Center,T2605111145230199830687,943000000000.0,DEBIT,Paid by XXXXXX1792,50.0,Expense,Food & Dining,2026-05,May,Monday,Weekday,Morning/Afternoon
2026-05-11,11:38:00,Paid to Print Shack,T2605111138490190987582,13410293351.0,DEBIT,Paid by XXXXXX1792,170.0,Expense,Food & Dining,2026-05,May,Monday,Weekday,Morning/Afternoon
2026-05-10,20:37:00,Paid to IRFAN KHAN,T2605102037226734708259,230000000000.0,DEBIT,Paid by XXXXXX1792,100.0,Expense,Food & Dining,2026-05,May,Sunday,Weekend,Evening
2026-05-10,20:28:00,Paid to Pramod Pani patasi,T2605102027578796577892,313000000000.0,DEBIT,Paid by XXXXXX1792,20.0,Expense,Food & Dining,2026-05,May,Sunday,Weekend,Evening
2026-05-10,18:28:00,Paid to Zepto Marketplace Private Limi,T2605101828165317999976,471000000000.0,DEBIT,Paid by XXXXXX1792,143.0,Expense,Shopping & Personal,2026-05,May,Sunday,Weekend,Evening
2026-05-10,16:27:00,Received from PAPA,T2605101627103733380369,777000000000.0,CREDIT,Credited to XXXXXX1792,1000.0,Income,Income,2026-05,May,Sunday,Weekend,Afternoon
2026-05-06,11:39:00,Paid to Rahul,T2605061139409043616033,5305770626.0,DEBIT,Paid by XXXXXX1792,10.0,Expense,Food & Dining,2026-05,May,Wednesday,Weekday,Morning/Afternoon
2026-05-06,11:31:00,Paid to VED PRAKASH,T2605061131133495411389,346000000000.0,DEBIT,Paid by XXXXXX1792,180.0,Expense,Food & Dining,2026-05,May,Wednesday,Weekday,Morning/Afternoon
2026-05-06,11:15:00,Paid to Vashudev Pan,T2605061115440848183073,152000000000.0,DEBIT,Paid by XXXXXX1792,40.0,Expense,Food & Dining,2026-05,May,Wednesday,Weekday,Morning/Afternoon
2026-05-06,11:14:00,Paid to PAWAN VIJAY,T2605061113575006611566,383000000000.0,DEBIT,Paid by XXXXXX1792,10.0,Expense,Food & Dining,2026-05,May,Wednesday,Weekday,Morning/Afternoon
2026-05-06,11:02:00,Paid to DEEPANSHU RAMANI,T2605061102516803723739,127000000000.0,DEBIT,Paid by XXXXXX1792,12.0,Expense,Food & Dining,2026-05,May,Wednesday,Weekday,Morning/Afternoon
2026-05-06,10:56:00,Paid to DEEPANSHU RAMANI,T2605061056200353074195,112000000000.0,DEBIT,Paid by XXXXXX1792,36.0,Expense,Food & Dining,2026-05,May,Wednesday,Weekday,Morning/Afternoon
2026-05-06,10:33:00,Paid to Om Poha Dalmoth Center,T2605061033083110171960,348000000000.0,DEBIT,Paid by XXXXXX1792,60.0,Expense,Food & Dining,2026-05,May,Wednesday,Weekday,Morning/Afternoon
2026-05-06,09:22:00,Paid to Blinkit,T2605060922252671486571,862000000000.0,DEBIT,Paid by XXXXXX1792,31.0,Expense,Shopping & Personal,2026-05,May,Wednesday,Weekday,Morning/Afternoon
2026-05-05,11:13:00,Paid to DHARM PAL,T2605051113385502314781,570000000000.0,DEBIT,Paid by XXXXXX1792,90.0,Expense,Food & Dining,2026-05,May,Tuesday,Weekday,Morning/Afternoon
2026-05-05,10:59:00,Paid to Vashudev Pan,T2605051059034148528407,877000000000.0,DEBIT,Paid by XXXXXX1792,30.0,Expense,Food & Dining,2026-05,May,Tuesday,Weekday,Morning/Afternoon
2026-05-04,11:21:00,Paid to BRAJ KISHOR SO RAM PRAKASH,T2605041121530084853966,342000000000.0,DEBIT,Paid by XXXXXX1792,50.0,Expense,Food & Dining,2026-05,May,Monday,Weekday,Morning/Afternoon
2026-05-04,11:07:00,Paid to Om Poha Dalmoth Center,T2605041107061931420470,262000000000.0,DEBIT,Paid by XXXXXX1792,40.0,Expense,Food & Dining,2026-05,May,Monday,Weekday,Morning/Afternoon
2026-05-04,11:05:00,Paid to Vashudev Pan,T2605041105195520175077,956000000000.0,DEBIT,Paid by XXXXXX1792,39.0,Expense,Food & Dining,2026-05,May,Monday,Weekday,Morning/Afternoon
2026-05-03,18:08:00,Paid to MITHLESH DEVI,T2605031808466924163999,372000000000.0,DEBIT,Paid by XXXXXX1792,15.0,Expense,Food & Dining,2026-05,May,Sunday,Weekend,Evening
2026-05-02,22:31:00,Received from PAPA,T2605022231417678148294,524000000000.0,CREDIT,Credited to XXXXXX1792,1000.0,Income,Income,2026-05,May,Saturday,Weekend,Night
2026-05-02,18:04:00,Paid to Bhanwar Singh rothore,T2605021803566740728815,185000000000.0,DEBIT,Paid by XXXXXX1792,150.0,Expense,Food & Dining,2026-05,May,Saturday,Weekend,Evening
2026-05-02,17:27:00,Paid to Varun,T2605021727533536690040,447000000000.0,DEBIT,Paid by XXXXXX1792,50.0,Expense,Food & Dining,2026-05,May,Saturday,Weekend,Evening
2026-05-02,17:16:00,Paid to REKHA KUMARI PRAJAPAT,T2605021716426001509429,178000000000.0,DEBIT,Paid by XXXXXX1792,800.0,Expense,Food & Dining,2026-05,May,Saturday,Weekend,Evening
2026-05-02,17:01:00,Received from PAPA,T2605021701241686325279,370000000000.0,CREDIT,Credited to XXXXXX1792,1000.0,Income,Income,2026-05,May,Saturday,Weekend,Evening
2026-05-02,03:40:00,Paid to RAJWATI DEVI,T2605020340378405440226,111000000000.0,DEBIT,Paid by XXXXXX1792,26.0,Expense,Food & Dining,2026-05,May,Saturday,Weekend,Night
2026-05-02,03:40:00,Paid to SAMPAT,T2605020340182199851905,752000000000.0,DEBIT,Paid by XXXXXX1792,90.0,Expense,Food & Dining,2026-05,May,Saturday,Weekend,Night
2026-05-02,03:40:00,Received from Jaggu,T2605020340069701073957,527000000000.0,CREDIT,Credited to XXXXXX1792,116.0,Income,Income,2026-05,May,Saturday,Weekend,Night
2026-05-01,02:53:00,Paid to Rahul,T2605010253453806851659,872000000000.0,DEBIT,Paid by XXXXXX1792,39.0,Expense,Food & Dining,2026-05,May,Friday,Weekday,Night
2026-05-01,02:33:00,Received from Abhishek Ratan Sihag,T2605010233223158323044,612000000000.0,CREDIT,Credited to XXXXXX1792,39.0,Income,Income,2026-05,May,Friday,Weekday,Night
2026-04-29,11:05:00,Paid to Om Poha Dalmoth Center,T2604291105288303319446,401000000000.0,DEBIT,Paid by XXXXXX1792,60.0,Expense,Food & Dining,2026-04,April,Wednesday,Weekday,Morning/Afternoon
2026-04-29,11:03:00,Received from Rahul,T2604291103027699397342,957000000000.0,CREDIT,Credited to XXXXXX1792,60.0,Income,Income,2026-04,April,Wednesday,Weekday,Morning/Afternoon
2026-04-23,19:54:00,Paid to VITAMIN FACTORY,T2604231954286083446569,865000000000.0,DEBIT,Paid by XXXXXX1792,260.0,Expense,Food & Dining,2026-04,April,Thursday,Weekday,Evening
2026-04-23,19:53:00,Received from Varun,T2604231953569353607469,611000000000.0,CREDIT,Credited to XXXXXX1792,50.0,Income,Income,2026-04,April,Thursday,Weekday,Evening
2026-04-23,19:52:00,Received from Rahul,T2604231952422361027265,245000000000.0,CREDIT,Credited to XXXXXX1792,120.0,Income,Income,2026-04,April,Thursday,Weekday,Evening
2026-04-23,19:39:00,Received from MEGHRAJ  DAMOR,T2604231939430199741387,648000000000.0,CREDIT,Credited to XXXXXX1792,20.0,Income,Income,2026-04,April,Thursday,Weekday,Evening
2026-04-23,19:34:00,Received from Aman,T2604231934467676437020,278000000000.0,CREDIT,Credited to XXXXXX1792,70.0,Income,Income,2026-04,April,Thursday,Weekday,Evening
2026-04-22,15:22:00,Paid to Panditji Tea Stall,T2604221522035112999013,272000000000.0,DEBIT,Paid by XXXXXX1792,13.0,Expense,Food & Dining,2026-04,April,Wednesday,Weekday,Afternoon
2026-04-22,15:22:00,Received from Rahul,T2604221521552492456035,62939587552.0,CREDIT,Credited to XXXXXX1792,3.0,Income,Income,2026-04,April,Wednesday,Weekday,Afternoon
2026-04-22,12:34:00,Paid to CHANCHAL GOYAL ,T2604221234479883911344,989000000000.0,DEBIT,Paid by XXXXXX1792,70.0,Expense,Food & Dining,2026-04,April,Wednesday,Weekday,Morning/Afternoon
2026-04-22,12:34:00,Received from Rahul,T2604221234147878586536,836000000000.0,CREDIT,Credited to XXXXXX1792,70.0,Income,Income,2026-04,April,Wednesday,Weekday,Morning/Afternoon
2026-04-22,11:42:00,Paid to VIPIN KUMAR,T2604221142090870286053,350000000000.0,DEBIT,Paid by XXXXXX1792,1000.0,Expense,Shopping & Personal,2026-04,April,Wednesday,Weekday,Morning/Afternoon
2026-04-22,11:08:00,Received from Rahul,T2604221108129290268001,712000000000.0,CREDIT,Credited to XXXXXX1792,1000.0,Income,Income,2026-04,April,Wednesday,Weekday,Morning/Afternoon
2026-04-22,02:15:00,Paid to RAJWATI DEVI,T2604220215371676811931,708000000000.0,DEBIT,Paid by XXXXXX1792,195.0,Expense,Food & Dining,2026-04,April,Wednesday,Weekday,Night
2026-04-22,02:14:00,Paid to Bhanwar Singh rothore,T2604220213579647026975,948000000000.0,DEBIT,Paid by XXXXXX1792,100.0,Expense,Food & Dining,2026-04,April,Wednesday,Weekday,Night
2026-04-22,02:02:00,Received from Aman,T2604220201584531825758,65045880221.0,CREDIT,Credited to XXXXXX1792,130.0,Income,Income,2026-04,April,Wednesday,Weekday,Night
2026-04-22,01:14:00,Received from Bablieeee,T2604220114301427767756,79274446177.0,CREDIT,Credited to XXXXXX1792,39.0,Income,Income,2026-04,April,Wednesday,Weekday,Night
2026-04-21,22:02:00,Paid to Rahul,T2604212202005785535418,338000000000.0,DEBIT,Paid by XXXXXX1792,300.0,Expense,Groceries & Essentials,2026-04,April,Tuesday,Weekday,Night
2026-04-21,21:44:00,Received from Jaggu,T2604212144104711246286,529000000000.0,CREDIT,Credited to XXXXXX1792,300.0,Income,Income,2026-04,April,Tuesday,Weekday,Evening
2026-04-21,20:47:00,Paid to Rahul,T2604212047385618530840,491000000000.0,DEBIT,Paid by XXXXXX1792,600.0,Expense,Groceries & Essentials,2026-04,April,Tuesday,Weekday,Evening
2026-04-21,01:23:00,Paid to RAJWATI DEVI,T2604210123512503655002,407000000000.0,DEBIT,Paid by XXXXXX1792,26.0,Expense,Food & Dining,2026-04,April,Tuesday,Weekday,Night
2026-04-20,17:55:00,Paid to GOVIND SINGH,T2604201755033686363240,406000000000.0,DEBIT,Paid by XXXXXX1792,1000.0,Expense,Food & Dining,2026-04,April,Monday,Weekday,Evening
2026-04-20,17:20:00,Paid to Panditji Tea Stall,T2604201720088780500410,126000000000.0,DEBIT,Paid by XXXXXX1792,63.0,Expense,Food & Dining,2026-04,April,Monday,Weekday,Evening
2026-04-20,16:32:00,Paid to CHANCHAL GOYAL ,T2604201632215613558640,449000000000.0,DEBIT,Paid by XXXXXX1792,30.0,Expense,Food & Dining,2026-04,April,Monday,Weekday,Afternoon
2026-04-19,22:41:00,Paid to HITESH JAIN,T2604192241534125744964,247000000000.0,DEBIT,Paid by XXXXXX1792,81.0,Expense,Food & Dining,2026-04,April,Sunday,Weekend,Night
2026-04-19,17:21:00,Received from PAPA,T2604191720574014753642,85992280882.0,CREDIT,Credited to XXXXXX1792,2000.0,Income,Income,2026-04,April,Sunday,Weekend,Evening
2026-04-17,19:34:00,Paid to Lada devi,T2604171934333562053818,389000000000.0,DEBIT,Paid by XXXXXX1792,13.0,Expense,Food & Dining,2026-04,April,Friday,Weekday,Evening
2026-04-17,19:33:00,Paid to DILIP KUMAR,T2604171933499408444994,108000000000.0,DEBIT,Paid by XXXXXX1792,107.0,Expense,Shopping & Personal,2026-04,April,Friday,Weekday,Evening
2026-04-17,19:31:00,Received from Mr ISHAAN  KUMAR,T2604171931300432428582,611000000000.0,CREDIT,Credited to XXXXXX1792,115.0,Income,Income,2026-04,April,Friday,Weekday,Evening
2026-04-16,22:49:00,Paid to RAJWATI DEVI,T2604162249366061346294,180000000000.0,DEBIT,Paid by XXXXXX1792,143.0,Expense,Food & Dining,2026-04,April,Thursday,Weekday,Night
2026-04-16,22:49:00,Received from Aman,T2604162249104786871290,34191366963.0,CREDIT,Credited to XXXXXX1792,130.0,Income,Income,2026-04,April,Thursday,Weekday,Night
2026-04-16,15:38:00,Paid to UDAYAN BALODI,T2604161538276066102198,96578103716.0,DEBIT,Paid by XXXXXX1792,500.0,Expense,Groceries & Essentials,2026-04,April,Thursday,Weekday,Afternoon
2026-04-16,15:37:00,Received from RAJESH KUMAR SO HARI SHANKAR MISHRA,T2604161537229212260677,122000000000.0,CREDIT,Credited to XXXXXX1792,500.0,Income,Income,2026-04,April,Thursday,Weekday,Afternoon
2026-04-15,10:45:00,Paid to DEEPANSHU RAMANI,T2604151045530451767910,181000000000.0,DEBIT,Paid by XXXXXX1792,30.0,Expense,Food & Dining,2026-04,April,Wednesday,Weekday,Morning/Afternoon
2026-04-15,00:33:00,Paid to Rahul,T2604150033509780866761,742000000000.0,DEBIT,Paid by XXXXXX1792,400.0,Expense,Groceries & Essentials,2026-04,April,Wednesday,Weekday,Night
2026-04-14,20:17:00,Paid to ZOMATO LIMITED,T2604142017338501669085,619000000000.0,DEBIT,Paid by XXXXXX1792,253.0,Expense,Shopping & Personal,2026-04,April,Tuesday,Weekday,Evening
2026-04-14,16:10:00,Paid to Blinkit,T2604141610504408880254,1338217338.0,DEBIT,Paid by XXXXXX1792,51.0,Expense,Food & Dining,2026-04,April,Tuesday,Weekday,Afternoon
2026-04-14,11:47:00,Received from Gaurav Verma,T2604141147057081061347,567000000000.0,CREDIT,Credited to XXXXXX1792,108.0,Income,Income,2026-04,April,Tuesday,Weekday,Morning/Afternoon
2026-04-13,22:25:00,Received from KUSHAGRA AMBASHTA,T2604132225189479977056,610000000000.0,CREDIT,Credited to XXXXXX1792,108.0,Income,Income,2026-04,April,Monday,Weekday,Night
2026-04-13,21:39:00,Paid to new pizza king,T2604132139442058703580,509000000000.0,DEBIT,Paid by XXXXXX1792,80.0,Expense,Food & Dining,2026-04,April,Monday,Weekday,Evening
2026-04-13,21:16:00,Paid to Ramesh Konai,T2604132116337911774977,500000000000.0,DEBIT,Paid by XXXXXX1792,110.0,Expense,Food & Dining,2026-04,April,Monday,Weekday,Evening
2026-04-13,14:44:00,Received from ******6934,T2604131444224941399231,150000000000.0,CREDIT,Credited to XXXXXX1792,108.0,Income,Income,2026-04,April,Monday,Weekday,Morning/Afternoon
2026-04-13,06:46:00,Paid to M S BALVIR KUMAR CHORDIYA,T2604130646039692391108,141000000000.0,DEBIT,Paid by XXXXXX1792,100.0,Expense,Food & Dining,2026-04,April,Monday,Weekday,Night
2026-04-13,04:23:00,Paid to Jain Kirana Store,T2604130423401301964123,956000000000.0,DEBIT,Paid by XXXXXX1792,301.0,Expense,Shopping & Personal,2026-04,April,Monday,Weekday,Night
2026-04-12,22:15:00,Paid to Rohit Meena,T2604122215115324516262,196000000000.0,DEBIT,Paid by XXXXXX1792,3.0,Expense,Food & Dining,2026-04,April,Sunday,Weekend,Night
2026-04-12,18:24:00,Paid to Rohit Meena,T2604121824303578009218,789000000000.0,DEBIT,Paid by XXXXXX1792,44.0,Expense,Shopping & Personal,2026-04,April,Sunday,Weekend,Evening
2026-04-12,14:41:00,Paid to Jeetendra Singh,T2604121441108809801914,660000000000.0,DEBIT,Paid by XXXXXX1792,650.0,Expense,Shopping & Personal,2026-04,April,Sunday,Weekend,Morning/Afternoon
2026-04-12,13:20:00,Paid to UBER INDIA SYSTEMS PRIVATE LIMITED,T2604121320083778532776,13705690423.0,DEBIT,Paid by XXXXXX1792,15.8,Expense,Shopping & Personal,2026-04,April,Sunday,Weekend,Morning/Afternoon
2026-04-11,22:55:00,Paid to SAMPAT,T2604112255449316166837,846000000000.0,DEBIT,Paid by XXXXXX1792,50.0,Expense,Food & Dining,2026-04,April,Saturday,Weekend,Night
2026-04-11,17:18:00,Paid to RAHUL DEV SINGH,T2604111718522040137140,446000000000.0,DEBIT,Paid by XXXXXX1792,80.0,Expense,Food & Dining,2026-04,April,Saturday,Weekend,Evening
2026-04-11,16:11:00,Received from PAPA,T2604111611034359907148,727000000000.0,CREDIT,Credited to XXXXXX1792,2000.0,Income,Income,2026-04,April,Saturday,Weekend,Afternoon
